timestamp	pid	rss_kb	vsz_kb	command
2026-07-13T03:07:45+02:00	3047990	153816	248820	R
2026-07-13T03:07:46+02:00	3047990	281668	449420	R
2026-07-13T03:07:47+02:00	3047990	399572	563084	R
2026-07-13T03:07:48+02:00	3047990	412840	642208	R
2026-07-13T03:07:49+02:00	3047990	1060992	1291272	R
2026-07-13T03:07:50+02:00	3047990	1819628	2049840	R
2026-07-13T03:07:51+02:00	3047990	2544460	3274396	R
2026-07-13T03:07:52+02:00	3047990	3702100	7653480	R
2026-07-13T03:07:53+02:00	3047990	3934188	5663324	R
2026-07-13T03:07:54+02:00	3047990	2926096	4654968	R
2026-07-13T03:07:55+02:00	3047990	4641096	7153060	R
2026-07-13T03:07:56+02:00	3047990	4504020	5654208	R
2026-07-13T03:07:57+02:00	3047990	5924340	6153828	R
2026-07-13T03:07:58+02:00	3047990	4139092	4654976	R
2026-07-13T03:07:59+02:00	3047990	4925076	5154596	R
2026-07-13T03:08:00+02:00	3047990	5993024	6653456	R
2026-07-13T03:08:01+02:00	3047990	6004636	6653456	R
2026-07-13T03:08:02+02:00	3047990	6923756	7153076	R
2026-07-13T03:08:03+02:00	3047990	2434708	3156124	R
2026-07-13T03:08:04+02:00	3047990	2538724	3156124	R
2026-07-13T03:08:05+02:00	3047990	2870572	4405172	R
2026-07-13T03:08:06+02:00	3047990	3288416	3905552	R
2026-07-13T03:08:07+02:00	3047990	4263248	4492676	R
2026-07-13T03:08:08+02:00	3047990	4263248	4492676	R
2026-07-13T03:08:09+02:00	3047990	4263248	4492676	R
2026-07-13T03:08:10+02:00	3047990	5175276	5492172	R
2026-07-13T03:08:11+02:00	3047990	6048588	6277976	R
2026-07-13T03:08:12+02:00	3047990	7022936	8488848	R
2026-07-13T03:08:13+02:00	3047990	7662568	7891876	R
2026-07-13T03:08:14+02:00	3047990	9938512	11987664	R
2026-07-13T03:08:15+02:00	3047990	8511624	10239748	R
2026-07-13T03:08:16+02:00	3047990	8842888	11487332	R
2026-07-13T03:08:17+02:00	3047990	8706400	9988480	R
2026-07-13T03:08:18+02:00	3047990	8551432	9988480	R
2026-07-13T03:08:19+02:00	3047990	10258720	10488100	R
2026-07-13T03:08:20+02:00	3047990	8527376	8989248	R
2026-07-13T03:08:21+02:00	3047990	4268504	4497624	R
2026-07-13T03:08:22+02:00	3047990	4268504	4497624	R
2026-07-13T03:08:23+02:00	3047990	4268504	4497624	R
2026-07-13T03:08:24+02:00	3047990	1333748	1738320	R
2026-07-13T03:08:25+02:00	3047990	2085884	2738904	R
2026-07-13T03:08:26+02:00	3047990	2909828	3238524	R
2026-07-13T03:08:27+02:00	3047990	1698056	2239284	R
2026-07-13T03:08:28+02:00	3047990	2508008	2738904	R
2026-07-13T03:08:29+02:00	3047990	1707044	2241968	R
2026-07-13T03:08:30+02:00	3047990	2770964	2998272	R
2026-07-13T03:08:31+02:00	3047990	4371068	5242088	R
2026-07-13T03:08:32+02:00	3047990	4386036	4613556	R
2026-07-13T03:08:33+02:00	3047990	6531300	8740976	R
2026-07-13T03:08:35+02:00	3047990	5266840	6993056	R
2026-07-13T03:08:36+02:00	3047990	5327156	8237372	R
2026-07-13T03:08:37+02:00	3047990	5174300	6738520	R
2026-07-13T03:08:38+02:00	3047990	7010684	7238140	R
2026-07-13T03:08:39+02:00	3047990	5012336	5239668	R
2026-07-13T03:08:40+02:00	3047990	6011576	6238908	R
2026-07-13T03:08:41+02:00	3047990	6678572	6905884	R
2026-07-13T03:08:42+02:00	3047990	7510684	7737972	R
2026-07-13T03:08:43+02:00	3047990	8214956	8942108	R
2026-07-13T03:08:44+02:00	3047990	9773876	13237548	R
2026-07-13T03:08:45+02:00	3047990	9618480	11344916	R
2026-07-13T03:08:46+02:00	3047990	11907096	14487340	R
2026-07-13T03:08:47+02:00	3047990	12261528	13987720	R
2026-07-13T03:08:48+02:00	3047990	9310148	12824936	R
2026-07-13T03:08:49+02:00	3047990	9126140	9827232	R
2026-07-13T03:08:50+02:00	3047990	9982688	10326852	R
2026-07-13T03:08:51+02:00	3047990	10329584	10826472	R
2026-07-13T03:08:52+02:00	3047990	10667372	11326092	R
2026-07-13T03:08:53+02:00	3047990	11535800	11825712	R
2026-07-13T03:08:54+02:00	3047990	12456896	14323804	R
2026-07-13T03:08:55+02:00	3047990	14916848	16821896	R
2026-07-13T03:08:56+02:00	3047990	14778780	16821896	R
2026-07-13T03:08:57+02:00	3047990	14630412	15323044	R
2026-07-13T03:08:58+02:00	3047990	15552432	15822664	R
2026-07-13T03:08:59+02:00	3047990	15471132	15898472	R
2026-07-13T03:09:00+02:00	3047990	13652040	14150776	R
2026-07-13T03:09:01+02:00	3047990	9943524	10653444	R
2026-07-13T03:09:02+02:00	3047990	9834624	10153824	R
2026-07-13T03:09:03+02:00	3047990	9118180	9653232	R
2026-07-13T03:09:04+02:00	3047990	9757644	10153828	R
2026-07-13T03:09:05+02:00	3047990	10998048	11652688	R
2026-07-13T03:09:06+02:00	3047990	11758764	12152308	R
2026-07-13T03:09:07+02:00	3047990	12930528	13651168	R
2026-07-13T03:09:08+02:00	3047990	14756616	15150028	R
2026-07-13T03:09:09+02:00	3047990	13810704	14650408	R
2026-07-13T03:09:10+02:00	3047990	14668836	15150028	R
2026-07-13T03:09:11+02:00	3047990	15720744	16149268	R
2026-07-13T03:09:12+02:00	3047990	17607288	18147748	R
2026-07-13T03:09:13+02:00	3047990	17616924	18147748	R
2026-07-13T03:09:14+02:00	3047990	17618904	18147748	R
2026-07-13T03:09:15+02:00	3047990	17954976	18647368	R
2026-07-13T03:09:16+02:00	3047990	18480204	19146988	R
2026-07-13T03:09:17+02:00	3047990	20357244	21145468	R
2026-07-13T03:09:18+02:00	3047990	20316456	21145468	R
2026-07-13T03:09:19+02:00	3047990	21175380	21645088	R
2026-07-13T03:09:20+02:00	3047990	21690708	22144708	R
2026-07-13T03:09:21+02:00	3047990	23067204	23643568	R
2026-07-13T03:09:22+02:00	3047990	23088192	23643568	R
2026-07-13T03:09:23+02:00	3047990	23609196	24143188	R
2026-07-13T03:09:24+02:00	3047990	23953320	24642808	R
2026-07-13T03:09:26+02:00	3047990	25013148	25642048	R
2026-07-13T03:09:27+02:00	3047990	25840392	26641288	R
2026-07-13T03:09:28+02:00	3047990	26378028	27140908	R
2026-07-13T03:09:29+02:00	3047990	27239592	27640528	R
2026-07-13T03:09:30+02:00	3047990	27758484	28639768	R
2026-07-13T03:09:31+02:00	3047990	29071488	29639008	R
2026-07-13T03:09:32+02:00	3047990	30744456	31137868	R
2026-07-13T03:09:33+02:00	3047990	30877644	31637488	R
2026-07-13T03:09:34+02:00	3047990	30364956	31137868	R
2026-07-13T03:09:35+02:00	3047990	31219392	31637488	R
2026-07-13T03:09:36+02:00	3047990	31764156	32636728	R
2026-07-13T03:09:37+02:00	3047990	33628524	34135588	R
2026-07-13T03:09:38+02:00	3047990	33602784	34135588	R
2026-07-13T03:09:39+02:00	3047990	33937800	34635208	R
2026-07-13T03:09:40+02:00	3047990	34431876	35134828	R
2026-07-13T03:09:41+02:00	3047990	36260604	37133308	R
2026-07-13T03:09:42+02:00	3047990	36230904	36633688	R
2026-07-13T03:09:43+02:00	3047990	36565132	37133308	R
2026-07-13T03:09:44+02:00	3047990	37092336	37632928	R
2026-07-13T03:09:45+02:00	3047990	38149524	38632168	R
2026-07-13T03:09:46+02:00	3047990	38946144	39631408	R
2026-07-13T03:09:47+02:00	3047990	39411972	40131028	R
2026-07-13T03:09:48+02:00	3047990	39748176	40630648	R
2026-07-13T03:09:49+02:00	3047990	40793220	41629888	R
2026-07-13T03:09:50+02:00	3047990	42102792	42629128	R
2026-07-13T03:09:51+02:00	3047990	43540620	44127988	R
2026-07-13T03:09:52+02:00	3047990	43930332	44627608	R
2026-07-13T03:09:53+02:00	3047990	43362736	43753276	R
2026-07-13T03:09:54+02:00	3047990	44178288	45626840	R
2026-07-13T03:09:55+02:00	3047990	43283060	45209820	R
2026-07-13T03:09:56+02:00	3047990	20077640	20728448	R
2026-07-13T03:09:57+02:00	3047990	8107972	9237188	R
2026-07-13T03:09:58+02:00	3047990	10666660	11735280	R
2026-07-13T03:09:59+02:00	3047990	13139020	14233372	R
2026-07-13T03:10:00+02:00	3047990	12253020	14233372	R
2026-07-13T03:10:01+02:00	3047990	14722740	16731464	R
2026-07-13T03:10:02+02:00	3047990	14553904	16735572	R
2026-07-13T03:10:03+02:00	3047990	16472556	16735572	R
2026-07-13T03:10:04+02:00	3047990	14013256	14237480	R
2026-07-13T03:10:05+02:00	3047990	16340456	16735572	R
2026-07-13T03:10:06+02:00	3047990	15262236	15486532	R
2026-07-13T03:10:07+02:00	3047990	14703556	14986924	R
2026-07-13T03:10:08+02:00	3047990	17132092	17485032	R
2026-07-13T03:10:09+02:00	3047990	17123908	17651244	R
2026-07-13T03:10:10+02:00	3047990	16969204	17235212	R
2026-07-13T03:10:11+02:00	3047990	19028668	19566132	R
2026-07-13T03:10:12+02:00	3047990	19341840	19649720	R
2026-07-13T03:10:13+02:00	3047990	14117020	19733296	R
2026-07-13T03:10:14+02:00	3047990	17196316	19733296	R
2026-07-13T03:10:15+02:00	3047990	19758700	19983108	R
2026-07-13T03:10:16+02:00	3047990	22121764	25478908	R
2026-07-13T03:10:18+02:00	3047990	24687052	25478908	R
2026-07-13T03:10:19+02:00	3047990	26152252	26727960	R
2026-07-13T03:10:20+02:00	3047990	28335796	28726440	R
2026-07-13T03:10:21+02:00	3047990	28720708	28945080	R
2026-07-13T03:10:22+02:00	3047990	28980220	29204452	R
2026-07-13T03:10:23+02:00	3047990	29344012	29568284	R
2026-07-13T03:10:24+02:00	3047990	29806540	30030724	R
2026-07-13T03:10:25+02:00	3047990	30222868	30447016	R
2026-07-13T03:10:26+02:00	3047990	30670348	30894752	R
2026-07-13T03:10:27+02:00	3047990	31081396	31305620	R
2026-07-13T03:10:28+02:00	3047990	31463404	31687780	R
2026-07-13T03:10:29+02:00	3047990	31830892	32055256	R
2026-07-13T03:10:30+02:00	3047990	32176732	32401172	R
2026-07-13T03:10:31+02:00	3047990	32496172	32720500	R
2026-07-13T03:10:32+02:00	3047990	32792116	33016412	R
2026-07-13T03:10:33+02:00	3047990	32867884	33092340	R
2026-07-13T03:10:34+02:00	3047990	32867884	33092340	R
2026-07-13T03:10:35+02:00	3047990	32867884	33092340	R
2026-07-13T03:10:36+02:00	3047990	22960532	24348492	R
2026-07-13T03:10:37+02:00	3047990	18139876	18844428	R
2026-07-13T03:10:38+02:00	3047990	18771364	19344048	R
2026-07-13T03:10:39+02:00	3047990	19244584	19468956	R
2026-07-13T03:10:40+02:00	3047990	20653552	21345828	R
2026-07-13T03:10:41+02:00	3047990	23122216	23843920	R
2026-07-13T03:10:42+02:00	3047990	22242384	23843920	R
2026-07-13T03:10:43+02:00	3047990	24712896	26342012	R
2026-07-13T03:10:44+02:00	3047990	24499224	26353968	R
2026-07-13T03:10:45+02:00	3047990	27167208	28852060	R
2026-07-13T03:10:46+02:00	3047990	27568984	28852060	R
2026-07-13T03:10:47+02:00	3047990	30065368	30350924	R
2026-07-13T03:10:48+02:00	3047990	32277952	32599220	R
2026-07-13T03:10:49+02:00	3047990	34694344	35097328	R
2026-07-13T03:10:50+02:00	3047990	36517000	37012224	R
2026-07-13T03:10:51+02:00	3047990	38564056	39176928	R
2026-07-13T03:10:52+02:00	3047990	32046308	32349412	R
2026-07-13T03:10:53+02:00	3047990	34097060	34514116	R
2026-07-13T03:10:54+02:00	3047990	32564536	33181496	R
2026-07-13T03:10:55+02:00	3047990	34580440	35515352	R
2026-07-13T03:10:56+02:00	3047990	31470360	32103532	R
2026-07-13T03:10:57+02:00	3047990	32678688	33364928	R
2026-07-13T03:10:58+02:00	3047990	34393104	35117516	R
2026-07-13T03:10:59+02:00	3047990	34393104	35117516	R
2026-07-13T03:11:00+02:00	3047990	34393104	35117516	R
2026-07-13T03:11:01+02:00	3047990	35392344	36116756	R
2026-07-13T03:11:02+02:00	3047990	35392344	36116756	R
2026-07-13T03:11:03+02:00	3047990	35392344	36116756	R
2026-07-13T03:11:04+02:00	3047990	35392344	36116756	R
2026-07-13T03:11:05+02:00	3047990	35392344	36116756	R
2026-07-13T03:11:06+02:00	3047990	35392344	36116756	R
2026-07-13T03:11:07+02:00	3047990	35392344	36116756	R
2026-07-13T03:11:08+02:00	3047990	35392344	36116756	R
2026-07-13T03:11:09+02:00	3047990	35392344	36116756	R
2026-07-13T03:11:11+02:00	3047990	35392344	36116756	R
2026-07-13T03:11:12+02:00	3047990	35392344	36116756	R
2026-07-13T03:11:13+02:00	3047990	21220740	21445296	R
2026-07-13T03:11:14+02:00	3047990	21744776	21969588	R
2026-07-13T03:11:15+02:00	3047990	21744776	21969588	R
2026-07-13T03:11:16+02:00	3047990	21744776	21969588	R
2026-07-13T03:11:17+02:00	3047990	19700792	20058616	R
2026-07-13T03:11:18+02:00	3047990	22257104	22481908	R
2026-07-13T03:11:19+02:00	3047990	22257104	22481908	R
2026-07-13T03:11:20+02:00	3047990	22257104	22481908	R
2026-07-13T03:11:21+02:00	3047990	22462232	23485052	R
2026-07-13T03:11:22+02:00	3047990	23427680	23652244	R
2026-07-13T03:11:23+02:00	3047990	24433520	24818676	R
2026-07-13T03:11:24+02:00	3047990	26228672	26817156	R
2026-07-13T03:11:25+02:00	3047990	28197768	28565832	R
2026-07-13T03:11:26+02:00	3047990	30857304	31479952	R
2026-07-13T03:11:27+02:00	3047990	32761800	33228624	R
2026-07-13T03:11:28+02:00	3047990	33257064	33728244	R
2026-07-13T03:11:29+02:00	3047990	22164384	22781856	R
2026-07-13T03:11:30+02:00	3047990	24056208	24280716	R
2026-07-13T03:11:31+02:00	3047990	24056208	24280716	R
2026-07-13T03:11:32+02:00	3047990	24056208	24280716	R
2026-07-13T03:11:33+02:00	3047990	24056208	24280716	R
2026-07-13T03:11:34+02:00	3047990	24056208	24280716	R
2026-07-13T03:11:35+02:00	3047990	24056208	24280716	R
2026-07-13T03:11:36+02:00	3047990	24056208	24280716	R
2026-07-13T03:11:37+02:00	3047990	24056208	24280716	R
2026-07-13T03:11:38+02:00	3047990	25520088	25779576	R
2026-07-13T03:11:39+02:00	3047990	26054556	26279196	R
2026-07-13T03:11:40+02:00	3047990	26370300	28277668	R
2026-07-13T03:11:41+02:00	3047990	28845036	30775760	R
2026-07-13T03:11:42+02:00	3047990	30124544	30775760	R
2026-07-13T03:11:43+02:00	3047990	30441304	30775760	R
2026-07-13T03:11:44+02:00	3047990	32908384	33273852	R
2026-07-13T03:11:45+02:00	3047990	32746676	33407640	R
2026-07-13T03:11:46+02:00	3047990	33084532	35905732	R
2026-07-13T03:11:47+02:00	3047990	35997508	36655164	R
2026-07-13T03:11:48+02:00	3047990	38202172	38903460	R
2026-07-13T03:11:49+02:00	3047990	40296748	40652140	R
2026-07-13T03:11:50+02:00	3047990	35734440	36155560	R
2026-07-13T03:11:51+02:00	3047990	34137512	34906520	R
2026-07-13T03:11:52+02:00	3047990	36215192	36737820	R
2026-07-13T03:11:53+02:00	3047990	30846896	31241000	R
2026-07-13T03:11:54+02:00	3047990	32595384	33155892	R
2026-07-13T03:11:55+02:00	3047990	33567740	34321360	R
2026-07-13T03:11:56+02:00	3047990	35463788	36070032	R
2026-07-13T03:11:57+02:00	3047990	33467248	34322308	R
2026-07-13T03:11:58+02:00	3047990	33423948	34073484	R
2026-07-13T03:11:59+02:00	3047990	34889412	36075884	R
2026-07-13T03:12:00+02:00	3047990	33094484	33673712	R
2026-07-13T03:12:01+02:00	3047990	35492396	36014400	R
2026-07-13T03:12:02+02:00	3047990	35660036	36181592	R
2026-07-13T03:12:04+02:00	3047990	20977872	21333184	R
2026-07-13T03:12:05+02:00	3047990	17980160	18335472	R
2026-07-13T03:12:06+02:00	3047990	19965700	20341776	R
2026-07-13T03:12:07+02:00	3047990	21378100	22178932	R
2026-07-13T03:12:08+02:00	3047990	23885308	24510812	R
2026-07-13T03:12:09+02:00	3047990	25506088	26509288	R
2026-07-13T03:12:10+02:00	3047990	26351020	27008908	R
2026-07-13T03:12:11+02:00	3047990	28320064	29423420	R
2026-07-13T03:12:12+02:00	3047990	30990688	31671704	R
2026-07-13T03:12:13+02:00	3047990	22555432	22910744	R
2026-07-13T03:12:14+02:00	3047990	22083264	22910744	R
2026-07-13T03:12:15+02:00	3047990	22576416	22931912	R
2026-07-13T03:12:16+02:00	3047990	23105736	23461040	R
2026-07-13T03:12:17+02:00	3047990	23578032	23933416	R
2026-07-13T03:12:18+02:00	3047990	24008088	24363592	R
2026-07-13T03:12:19+02:00	3047990	24411744	24767052	R
2026-07-13T03:12:20+02:00	3047990	24810384	25165880	R
2026-07-13T03:12:21+02:00	3047990	25182624	25537988	R
2026-07-13T03:12:22+02:00	3047990	25525560	25880860	R
2026-07-13T03:12:23+02:00	3047990	25853976	26209312	R
2026-07-13T03:12:24+02:00	3047990	26784048	27386340	R
2026-07-13T03:12:25+02:00	3047990	27530668	27886092	R
2026-07-13T03:12:26+02:00	3047990	28155804	28511156	R
2026-07-13T03:12:27+02:00	3047990	29349776	30384720	R
2026-07-13T03:12:28+02:00	3047990	31813160	32882812	R
2026-07-13T03:12:29+02:00	3047990	30927396	32882812	R
2026-07-13T03:12:30+02:00	3047990	33392628	35380904	R
2026-07-13T03:12:31+02:00	3047990	33243636	40377216	R
2026-07-13T03:12:32+02:00	3047990	35216772	42990948	R
2026-07-13T03:12:33+02:00	3047990	35941980	43437240	R
2026-07-13T03:12:34+02:00	3047990	36667980	43884060	R
2026-07-13T03:12:35+02:00	3047990	37392924	44330088	R
2026-07-13T03:12:36+02:00	3047990	38121564	44778492	R
2026-07-13T03:12:37+02:00	3047990	38850996	45227292	R
2026-07-13T03:12:38+02:00	3047990	39579372	45675564	R
2026-07-13T03:12:39+02:00	3047990	40305900	46122648	R
2026-07-13T03:12:40+02:00	3047990	41028468	46567356	R
2026-07-13T03:12:41+02:00	3047990	39451344	46344804	R
2026-07-13T03:12:42+02:00	3047990	41549880	47826240	R
2026-07-13T03:12:43+02:00	3047990	43653960	49311372	R
2026-07-13T03:12:44+02:00	3047990	44727428	48406912	R
2026-07-13T03:12:45+02:00	3047990	43055524	43410732	R
2026-07-13T03:12:46+02:00	3047990	43055524	43410732	R
2026-07-13T03:12:47+02:00	3047990	43473432	43828712	R
2026-07-13T03:12:48+02:00	3047990	44308164	44664672	R
2026-07-13T03:12:49+02:00	3047990	45646980	46002208	R
2026-07-13T03:12:50+02:00	3047990	45810208	46165488	R
2026-07-13T03:12:51+02:00	3047990	45331576	46165488	R
2026-07-13T03:12:52+02:00	3047990	46415028	46770412	R
2026-07-13T03:12:53+02:00	3047990	47333872	47894816	R
2026-07-13T03:12:54+02:00	3047990	49301464	50018456	R
2026-07-13T03:12:55+02:00	3047990	47664816	48019984	R
2026-07-13T03:12:57+02:00	3047990	45909300	46264468	R
2026-07-13T03:12:58+02:00	3047990	46243520	47263704	R
2026-07-13T03:12:59+02:00	3047990	47642984	49262176	R
2026-07-13T03:13:00+02:00	3047990	46908536	47263704	R
2026-07-13T03:13:01+02:00	3047990	45817432	46262508	R
2026-07-13T03:13:02+02:00	3047990	40403720	40758888	R
2026-07-13T03:13:03+02:00	3047990	40403720	40758888	R
2026-07-13T03:13:04+02:00	3047990	40403720	40758888	R
2026-07-13T03:13:05+02:00	3047990	40403720	40758888	R
2026-07-13T03:13:06+02:00	3047990	40403720	40758888	R
2026-07-13T03:13:07+02:00	3047990	40403720	40758888	R
2026-07-13T03:13:08+02:00	3047990	40403720	40758888	R
2026-07-13T03:13:09+02:00	3047990	40403720	40758888	R
2026-07-13T03:13:10+02:00	3047990	40403720	40758888	R
2026-07-13T03:13:11+02:00	3047990	40403720	40758888	R
2026-07-13T03:13:12+02:00	3047990	40403720	40758888	R
2026-07-13T03:13:13+02:00	3047990	40403720	40758888	R
2026-07-13T03:13:14+02:00	3047990	40403720	40758888	R
2026-07-13T03:13:15+02:00	3047990	40403720	40758888	R
2026-07-13T03:13:16+02:00	3047990	40403720	40758888	R
2026-07-13T03:13:17+02:00	3047990	40403720	40758888	R
2026-07-13T03:13:18+02:00	3047990	40403720	40758888	R
2026-07-13T03:13:19+02:00	3047990	40403720	40758888	R
2026-07-13T03:13:20+02:00	3047990	40403720	40758888	R
2026-07-13T03:13:21+02:00	3047990	40403720	40758888	R
2026-07-13T03:13:22+02:00	3047990	40403720	40758888	R
2026-07-13T03:13:23+02:00	3047990	40403720	40758888	R
2026-07-13T03:13:24+02:00	3047990	40403720	40758888	R
2026-07-13T03:13:25+02:00	3047990	40403720	40758888	R
2026-07-13T03:13:26+02:00	3047990	40403720	40758888	R
2026-07-13T03:13:27+02:00	3047990	40403720	40758888	R
2026-07-13T03:13:28+02:00	3047990	40403720	40758888	R
2026-07-13T03:13:29+02:00	3047990	40403720	40758888	R
2026-07-13T03:13:30+02:00	3047990	40403720	40758888	R
2026-07-13T03:13:31+02:00	3047990	40403720	40758888	R
2026-07-13T03:13:32+02:00	3047990	40403720	40758888	R
2026-07-13T03:13:33+02:00	3047990	40403720	40758888	R
2026-07-13T03:13:34+02:00	3047990	40403720	40758888	R
2026-07-13T03:13:35+02:00	3047990	40403720	40758888	R
2026-07-13T03:13:36+02:00	3047990	40403720	40758888	R
2026-07-13T03:13:37+02:00	3047990	40403720	40758888	R
2026-07-13T03:13:38+02:00	3047990	40403720	40758888	R
2026-07-13T03:13:39+02:00	3047990	40403720	40758888	R
2026-07-13T03:13:40+02:00	3047990	40403720	40758888	R
2026-07-13T03:13:41+02:00	3047990	40403720	40758888	R
2026-07-13T03:13:42+02:00	3047990	40403720	40758888	R
2026-07-13T03:13:43+02:00	3047990	40403720	40758888	R
2026-07-13T03:13:44+02:00	3047990	40403720	40758888	R
2026-07-13T03:13:45+02:00	3047990	40403720	40758888	R
2026-07-13T03:13:46+02:00	3047990	40403720	40758888	R
2026-07-13T03:13:48+02:00	3047990	40403720	40758888	R
2026-07-13T03:13:49+02:00	3047990	40403720	40758888	R
2026-07-13T03:13:50+02:00	3047990	40403720	40758888	R
2026-07-13T03:13:51+02:00	3047990	40403720	40758888	R
2026-07-13T03:13:52+02:00	3047990	40403720	40758888	R
2026-07-13T03:13:53+02:00	3047990	40403720	40758888	R
2026-07-13T03:13:54+02:00	3047990	40403720	40758888	R
2026-07-13T03:13:55+02:00	3047990	40403720	40758888	R
2026-07-13T03:13:56+02:00	3047990	40403720	40758888	R
2026-07-13T03:13:57+02:00	3047990	40403720	40758888	R
2026-07-13T03:13:58+02:00	3047990	40403720	40758888	R
2026-07-13T03:13:59+02:00	3047990	40403720	40758888	R
2026-07-13T03:14:00+02:00	3047990	40403720	40758888	R
2026-07-13T03:14:01+02:00	3047990	40403720	40758888	R
2026-07-13T03:14:02+02:00	3047990	40403720	40758888	R
2026-07-13T03:14:03+02:00	3047990	40403720	40758888	R
2026-07-13T03:14:04+02:00	3047990	40403720	40758888	R
2026-07-13T03:14:05+02:00	3047990	40403720	40758888	R
2026-07-13T03:14:06+02:00	3047990	40403720	40758888	R
2026-07-13T03:14:07+02:00	3047990	40403720	40758888	R
2026-07-13T03:14:08+02:00	3047990	40403720	40758888	R
2026-07-13T03:14:09+02:00	3047990	40403720	40758888	R
2026-07-13T03:14:10+02:00	3047990	40403720	40758888	R
2026-07-13T03:14:11+02:00	3047990	40403720	40758888	R
2026-07-13T03:14:12+02:00	3047990	40403720	40758888	R
2026-07-13T03:14:13+02:00	3047990	40403720	40758888	R
2026-07-13T03:14:14+02:00	3047990	40403720	40758888	R
2026-07-13T03:14:15+02:00	3047990	40403720	40758888	R
2026-07-13T03:14:16+02:00	3047990	40403720	40758888	R
2026-07-13T03:14:17+02:00	3047990	40403720	40758888	R
2026-07-13T03:14:18+02:00	3047990	40403720	40758888	R
2026-07-13T03:14:19+02:00	3047990	40403720	40758888	R
2026-07-13T03:14:20+02:00	3047990	40403720	40758888	R
2026-07-13T03:14:21+02:00	3047990	40403720	40758888	R
2026-07-13T03:14:22+02:00	3047990	40403720	40758888	R
2026-07-13T03:14:23+02:00	3047990	40403720	40758888	R
2026-07-13T03:14:24+02:00	3047990	40403720	40758888	R
2026-07-13T03:14:25+02:00	3047990	40403720	40758888	R
2026-07-13T03:14:26+02:00	3047990	40403720	40758888	R
2026-07-13T03:14:27+02:00	3047990	40403720	40758888	R
2026-07-13T03:14:28+02:00	3047990	40403720	40758888	R
2026-07-13T03:14:29+02:00	3047990	40403720	40758888	R
2026-07-13T03:14:30+02:00	3047990	40403720	40758888	R
2026-07-13T03:14:31+02:00	3047990	40403720	40758888	R
2026-07-13T03:14:32+02:00	3047990	40403720	40758888	R
2026-07-13T03:14:33+02:00	3047990	40403720	40758888	R
2026-07-13T03:14:34+02:00	3047990	40403720	40758888	R
2026-07-13T03:14:35+02:00	3047990	40403720	40758888	R
2026-07-13T03:14:36+02:00	3047990	40403720	40758888	R
2026-07-13T03:14:38+02:00	3047990	40403720	40758888	R
2026-07-13T03:14:39+02:00	3047990	35157724	35512892	R
2026-07-13T03:14:40+02:00	3047990	34158484	34513652	R
2026-07-13T03:14:41+02:00	3047990	34158484	34513652	R
2026-07-13T03:14:42+02:00	3047990	34158484	34513652	R
2026-07-13T03:14:43+02:00	3047990	34158484	34513652	R
2026-07-13T03:14:44+02:00	3047990	34158484	34513652	R
2026-07-13T03:14:45+02:00	3047990	34158484	34513652	R
2026-07-13T03:14:46+02:00	3047990	34158484	34513652	R
2026-07-13T03:14:47+02:00	3047990	34158484	34513652	R
2026-07-13T03:14:48+02:00	3047990	34158484	34513652	R
2026-07-13T03:14:49+02:00	3047990	34158484	34513652	R
2026-07-13T03:14:50+02:00	3047990	34158484	34513652	R
2026-07-13T03:14:51+02:00	3047990	34158484	34513652	R
2026-07-13T03:14:52+02:00	3047990	34158484	34513652	R
2026-07-13T03:14:53+02:00	3047990	34158484	34513652	R
2026-07-13T03:14:54+02:00	3047990	34158484	34513652	R
2026-07-13T03:14:55+02:00	3047990	34158484	34513652	R
2026-07-13T03:14:56+02:00	3047990	34158484	34513652	R
2026-07-13T03:14:57+02:00	3047990	34158484	34513652	R
2026-07-13T03:14:58+02:00	3047990	34158484	34513652	R
2026-07-13T03:14:59+02:00	3047990	34158484	34513652	R
2026-07-13T03:15:00+02:00	3047990	34158484	34513652	R
2026-07-13T03:15:01+02:00	3047990	34158484	34513652	R
2026-07-13T03:15:02+02:00	3047990	34158484	34513652	R
2026-07-13T03:15:03+02:00	3047990	34158484	34513652	R
2026-07-13T03:15:04+02:00	3047990	34158484	34513652	R
2026-07-13T03:15:05+02:00	3047990	34158484	34513652	R
2026-07-13T03:15:06+02:00	3047990	34158484	34513652	R
2026-07-13T03:15:07+02:00	3047990	34158484	34513652	R
2026-07-13T03:15:08+02:00	3047990	34158484	34513652	R
2026-07-13T03:15:09+02:00	3047990	34158484	34513652	R
2026-07-13T03:15:10+02:00	3047990	34158484	34513652	R
2026-07-13T03:15:11+02:00	3047990	34158484	34513652	R
2026-07-13T03:15:12+02:00	3047990	34158484	34513652	R
2026-07-13T03:15:13+02:00	3047990	34158484	34513652	R
2026-07-13T03:15:14+02:00	3047990	34158484	34513652	R
2026-07-13T03:15:15+02:00	3047990	34158484	34513652	R
2026-07-13T03:15:16+02:00	3047990	34158484	34513652	R
2026-07-13T03:15:17+02:00	3047990	34158484	34513652	R
2026-07-13T03:15:18+02:00	3047990	34158484	34513652	R
2026-07-13T03:15:19+02:00	3047990	34158484	34513652	R
2026-07-13T03:15:20+02:00	3047990	34158484	34513652	R
2026-07-13T03:15:21+02:00	3047990	34158484	34513652	R
2026-07-13T03:15:22+02:00	3047990	34158484	34513652	R
2026-07-13T03:15:23+02:00	3047990	34158484	34513652	R
2026-07-13T03:15:24+02:00	3047990	34158484	34513652	R
2026-07-13T03:15:25+02:00	3047990	34158484	34513652	R
2026-07-13T03:15:26+02:00	3047990	34158484	34513652	R
2026-07-13T03:15:27+02:00	3047990	34158484	34513652	R
2026-07-13T03:15:28+02:00	3047990	34158484	34513652	R
2026-07-13T03:15:29+02:00	3047990	34158484	34513652	R
2026-07-13T03:15:31+02:00	3047990	34158484	34513652	R
2026-07-13T03:15:32+02:00	3047990	34158484	34513652	R
2026-07-13T03:15:33+02:00	3047990	34158484	34513652	R
2026-07-13T03:15:34+02:00	3047990	34158484	34513652	R
2026-07-13T03:15:35+02:00	3047990	34158484	34513652	R
2026-07-13T03:15:36+02:00	3047990	34158484	34513652	R
2026-07-13T03:15:37+02:00	3047990	34158484	34513652	R
2026-07-13T03:15:38+02:00	3047990	34158484	34513652	R
2026-07-13T03:15:39+02:00	3047990	34158484	34513652	R
2026-07-13T03:15:40+02:00	3047990	34158484	34513652	R
2026-07-13T03:15:41+02:00	3047990	34158484	34513652	R
2026-07-13T03:15:42+02:00	3047990	34158484	34513652	R
2026-07-13T03:15:43+02:00	3047990	34158484	34513652	R
2026-07-13T03:15:44+02:00	3047990	34158484	34513652	R
2026-07-13T03:15:45+02:00	3047990	34158484	34513652	R
2026-07-13T03:15:46+02:00	3047990	34158484	34513652	R
2026-07-13T03:15:47+02:00	3047990	34158484	34513652	R
2026-07-13T03:15:48+02:00	3047990	34158484	34513652	R
2026-07-13T03:15:49+02:00	3047990	34158484	34513652	R
2026-07-13T03:15:50+02:00	3047990	34158484	34513652	R
2026-07-13T03:15:51+02:00	3047990	34158484	34513652	R
2026-07-13T03:15:52+02:00	3047990	34158484	34513652	R
2026-07-13T03:15:53+02:00	3047990	34158484	34513652	R
2026-07-13T03:15:54+02:00	3047990	34158484	34513652	R
2026-07-13T03:15:55+02:00	3047990	34158484	34513652	R
2026-07-13T03:15:56+02:00	3047990	34158484	34513652	R
2026-07-13T03:15:57+02:00	3047990	34158484	34513652	R
2026-07-13T03:15:58+02:00	3047990	34158484	34513652	R
2026-07-13T03:15:59+02:00	3047990	34158484	34513652	R
2026-07-13T03:16:00+02:00	3047990	34158484	34513652	R
2026-07-13T03:16:01+02:00	3047990	34158484	34513652	R
2026-07-13T03:16:02+02:00	3047990	34158484	34513652	R
2026-07-13T03:16:03+02:00	3047990	34158484	34513652	R
2026-07-13T03:16:04+02:00	3047990	34158484	34513652	R
2026-07-13T03:16:05+02:00	3047990	34158484	34513652	R
2026-07-13T03:16:06+02:00	3047990	34158484	34513652	R
2026-07-13T03:16:07+02:00	3047990	34158484	34513652	R
2026-07-13T03:16:08+02:00	3047990	34158484	34513652	R
2026-07-13T03:16:09+02:00	3047990	34158484	34513652	R
2026-07-13T03:16:10+02:00	3047990	34158484	34513652	R
2026-07-13T03:16:11+02:00	3047990	34158484	34513652	R
2026-07-13T03:16:12+02:00	3047990	34158484	34513652	R
2026-07-13T03:16:13+02:00	3047990	34158484	34513652	R
2026-07-13T03:16:14+02:00	3047990	34158484	34513652	R
2026-07-13T03:16:15+02:00	3047990	34158484	34513652	R
2026-07-13T03:16:16+02:00	3047990	34158484	34513652	R
2026-07-13T03:16:17+02:00	3047990	34158484	34513652	R
2026-07-13T03:16:18+02:00	3047990	34158484	34513652	R
2026-07-13T03:16:19+02:00	3047990	34158484	34513652	R
2026-07-13T03:16:20+02:00	3047990	34158484	34513652	R
2026-07-13T03:16:21+02:00	3047990	34158484	34513652	R
2026-07-13T03:16:23+02:00	3047990	34158484	34513652	R
2026-07-13T03:16:24+02:00	3047990	34158484	34513652	R
2026-07-13T03:16:25+02:00	3047990	34158484	34513652	R
2026-07-13T03:16:26+02:00	3047990	34158484	34513652	R
2026-07-13T03:16:27+02:00	3047990	34158484	34513652	R
2026-07-13T03:16:28+02:00	3047990	34158484	34513652	R
2026-07-13T03:16:29+02:00	3047990	34158484	34513652	R
2026-07-13T03:16:30+02:00	3047990	34158484	34513652	R
2026-07-13T03:16:31+02:00	3047990	34158484	34513652	R
2026-07-13T03:16:32+02:00	3047990	34158484	34513652	R
2026-07-13T03:16:33+02:00	3047990	34158484	34513652	R
2026-07-13T03:16:34+02:00	3047990	34158484	34513652	R
2026-07-13T03:16:35+02:00	3047990	34158484	34513652	R
2026-07-13T03:16:36+02:00	3047990	34158484	34513652	R
2026-07-13T03:16:37+02:00	3047990	34158484	34513652	R
2026-07-13T03:16:38+02:00	3047990	34158484	34513652	R
2026-07-13T03:16:39+02:00	3047990	34158484	34513652	R
2026-07-13T03:16:40+02:00	3047990	34158484	34513652	R
2026-07-13T03:16:41+02:00	3047990	34158484	34513652	R
2026-07-13T03:16:42+02:00	3047990	34158484	34513652	R
2026-07-13T03:16:43+02:00	3047990	34158484	34513652	R
2026-07-13T03:16:44+02:00	3047990	34158484	34513652	R
2026-07-13T03:16:45+02:00	3047990	34158484	34513652	R
2026-07-13T03:16:46+02:00	3047990	34158484	34513652	R
2026-07-13T03:16:47+02:00	3047990	34158484	34513652	R
2026-07-13T03:16:48+02:00	3047990	34158484	34513652	R
2026-07-13T03:16:49+02:00	3047990	34158484	34513652	R
2026-07-13T03:16:50+02:00	3047990	34158484	34513652	R
2026-07-13T03:16:51+02:00	3047990	34158484	34513652	R
2026-07-13T03:16:52+02:00	3047990	34158484	34513652	R
2026-07-13T03:16:53+02:00	3047990	34158484	34513652	R
2026-07-13T03:16:54+02:00	3047990	34158484	34513652	R
2026-07-13T03:16:55+02:00	3047990	34158484	34513652	R
2026-07-13T03:16:56+02:00	3047990	34158484	34513652	R
2026-07-13T03:16:57+02:00	3047990	34158484	34513652	R
2026-07-13T03:16:58+02:00	3047990	34158484	34513652	R
2026-07-13T03:16:59+02:00	3047990	34158484	34513652	R
2026-07-13T03:17:00+02:00	3047990	34158484	34513652	R
2026-07-13T03:17:01+02:00	3047990	34158484	34513652	R
2026-07-13T03:17:02+02:00	3047990	34158484	34513652	R
2026-07-13T03:17:03+02:00	3047990	34158484	34513652	R
2026-07-13T03:17:04+02:00	3047990	34158484	34513652	R
2026-07-13T03:17:05+02:00	3047990	34158484	34513652	R
2026-07-13T03:17:06+02:00	3047990	34158484	34513652	R
2026-07-13T03:17:07+02:00	3047990	34158484	34513652	R
2026-07-13T03:17:08+02:00	3047990	34158484	34513652	R
2026-07-13T03:17:09+02:00	3047990	34158484	34513652	R
2026-07-13T03:17:10+02:00	3047990	34158484	34513652	R
2026-07-13T03:17:11+02:00	3047990	34158484	34513652	R
2026-07-13T03:17:12+02:00	3047990	34158484	34513652	R
2026-07-13T03:17:13+02:00	3047990	34158484	34513652	R
2026-07-13T03:17:14+02:00	3047990	34158484	34513652	R
2026-07-13T03:17:16+02:00	3047990	34158484	34513652	R
2026-07-13T03:17:17+02:00	3047990	34158484	34513652	R
2026-07-13T03:17:18+02:00	3047990	34158484	34513652	R
2026-07-13T03:17:19+02:00	3047990	34158484	34513652	R
2026-07-13T03:17:20+02:00	3047990	34158484	34513652	R
2026-07-13T03:17:21+02:00	3047990	34158484	34513652	R
2026-07-13T03:17:22+02:00	3047990	34158484	34513652	R
2026-07-13T03:17:23+02:00	3047990	34158484	34513652	R
2026-07-13T03:17:24+02:00	3047990	34158484	34513652	R
2026-07-13T03:17:25+02:00	3047990	34158484	34513652	R
2026-07-13T03:17:26+02:00	3047990	34158484	34513652	R
2026-07-13T03:17:27+02:00	3047990	34158484	34513652	R
2026-07-13T03:17:28+02:00	3047990	34158484	34513652	R
2026-07-13T03:17:29+02:00	3047990	34158484	34513652	R
2026-07-13T03:17:30+02:00	3047990	34158484	34513652	R
2026-07-13T03:17:31+02:00	3047990	34158484	34513652	R
2026-07-13T03:17:32+02:00	3047990	34158484	34513652	R
2026-07-13T03:17:33+02:00	3047990	34158484	34513652	R
2026-07-13T03:17:34+02:00	3047990	34158484	34513652	R
2026-07-13T03:17:35+02:00	3047990	34158484	34513652	R
2026-07-13T03:17:36+02:00	3047990	34158484	34513652	R
2026-07-13T03:17:37+02:00	3047990	34158484	34513652	R
2026-07-13T03:17:38+02:00	3047990	34158484	34513652	R
2026-07-13T03:17:39+02:00	3047990	34158484	34513652	R
2026-07-13T03:17:40+02:00	3047990	34158484	34513652	R
2026-07-13T03:17:41+02:00	3047990	34158484	34513652	R
2026-07-13T03:17:42+02:00	3047990	34158484	34513652	R
2026-07-13T03:17:43+02:00	3047990	34158484	34513652	R
2026-07-13T03:17:44+02:00	3047990	34158484	34513652	R
2026-07-13T03:17:45+02:00	3047990	34158484	34513652	R
2026-07-13T03:17:46+02:00	3047990	34158484	34513652	R
2026-07-13T03:17:47+02:00	3047990	34158484	34513652	R
2026-07-13T03:17:48+02:00	3047990	34158484	34513652	R
2026-07-13T03:17:49+02:00	3047990	34158484	34513652	R
2026-07-13T03:17:50+02:00	3047990	34158484	34513652	R
2026-07-13T03:17:51+02:00	3047990	34158484	34513652	R
2026-07-13T03:17:52+02:00	3047990	34158484	34513652	R
2026-07-13T03:17:53+02:00	3047990	34158484	34513652	R
2026-07-13T03:17:54+02:00	3047990	34158484	34513652	R
2026-07-13T03:17:55+02:00	3047990	34158484	34513652	R
2026-07-13T03:17:56+02:00	3047990	34158484	34513652	R
2026-07-13T03:17:57+02:00	3047990	34158484	34513652	R
2026-07-13T03:17:58+02:00	3047990	34158484	34513652	R
2026-07-13T03:17:59+02:00	3047990	34158484	34513652	R
2026-07-13T03:18:00+02:00	3047990	34158484	34513652	R
2026-07-13T03:18:01+02:00	3047990	34158484	34513652	R
2026-07-13T03:18:02+02:00	3047990	34158484	34513652	R
2026-07-13T03:18:03+02:00	3047990	34158484	34513652	R
2026-07-13T03:18:04+02:00	3047990	34158484	34513652	R
2026-07-13T03:18:05+02:00	3047990	34158484	34513652	R
2026-07-13T03:18:06+02:00	3047990	34158484	34513652	R
2026-07-13T03:18:08+02:00	3047990	34158484	34513652	R
2026-07-13T03:18:09+02:00	3047990	34158484	34513652	R
2026-07-13T03:18:10+02:00	3047990	34158484	34513652	R
2026-07-13T03:18:11+02:00	3047990	34158484	34513652	R
2026-07-13T03:18:12+02:00	3047990	34158484	34513652	R
2026-07-13T03:18:13+02:00	3047990	34158484	34513652	R
2026-07-13T03:18:14+02:00	3047990	34158484	34513652	R
2026-07-13T03:18:15+02:00	3047990	34158484	34513652	R
2026-07-13T03:18:16+02:00	3047990	34158484	34513652	R
2026-07-13T03:18:17+02:00	3047990	34158484	34513652	R
2026-07-13T03:18:18+02:00	3047990	34158484	34513652	R
2026-07-13T03:18:19+02:00	3047990	34158484	34513652	R
2026-07-13T03:18:20+02:00	3047990	34158484	34513652	R
2026-07-13T03:18:21+02:00	3047990	34158484	34513652	R
2026-07-13T03:18:22+02:00	3047990	34158484	34513652	R
2026-07-13T03:18:23+02:00	3047990	34158484	34513652	R
2026-07-13T03:18:24+02:00	3047990	34158484	34513652	R
2026-07-13T03:18:25+02:00	3047990	34158484	34513652	R
2026-07-13T03:18:26+02:00	3047990	34158484	34513652	R
2026-07-13T03:18:27+02:00	3047990	34158484	34513652	R
2026-07-13T03:18:28+02:00	3047990	34158484	34513652	R
2026-07-13T03:18:29+02:00	3047990	34158484	34513652	R
2026-07-13T03:18:30+02:00	3047990	34158484	34513652	R
2026-07-13T03:18:31+02:00	3047990	34158484	34513652	R
2026-07-13T03:18:32+02:00	3047990	34158484	34513652	R
2026-07-13T03:18:33+02:00	3047990	34158484	34513652	R
2026-07-13T03:18:34+02:00	3047990	34158484	34513652	R
2026-07-13T03:18:35+02:00	3047990	34158484	34513652	R
2026-07-13T03:18:36+02:00	3047990	34158484	34513652	R
2026-07-13T03:18:37+02:00	3047990	34158484	34513652	R
2026-07-13T03:18:38+02:00	3047990	34158484	34513652	R
2026-07-13T03:18:39+02:00	3047990	34158484	34513652	R
2026-07-13T03:18:40+02:00	3047990	34158484	34513652	R
2026-07-13T03:18:41+02:00	3047990	34158484	34513652	R
2026-07-13T03:18:42+02:00	3047990	34158484	34513652	R
2026-07-13T03:18:43+02:00	3047990	34158484	34513652	R
2026-07-13T03:18:44+02:00	3047990	34158484	34513652	R
2026-07-13T03:18:45+02:00	3047990	34158484	34513652	R
2026-07-13T03:18:46+02:00	3047990	34158484	34513652	R
2026-07-13T03:18:47+02:00	3047990	34158484	34513652	R
2026-07-13T03:18:48+02:00	3047990	34158484	34513652	R
2026-07-13T03:18:49+02:00	3047990	34158484	34513652	R
2026-07-13T03:18:50+02:00	3047990	34158484	34513652	R
2026-07-13T03:18:51+02:00	3047990	26993688	27348856	R
2026-07-13T03:18:52+02:00	3047990	18000556	18355724	R
2026-07-13T03:18:53+02:00	3047990	18000556	18355724	R
2026-07-13T03:18:54+02:00	3047990	18000556	18355724	R
2026-07-13T03:18:55+02:00	3047990	18000556	18355724	R
2026-07-13T03:18:56+02:00	3047990	18000556	18355724	R
2026-07-13T03:18:57+02:00	3047990	18000556	18355724	R
2026-07-13T03:18:58+02:00	3047990	18000556	18355724	R
2026-07-13T03:18:59+02:00	3047990	18000556	18355724	R
2026-07-13T03:19:01+02:00	3047990	18000556	18355724	R
2026-07-13T03:19:02+02:00	3047990	18000556	18355724	R
2026-07-13T03:19:03+02:00	3047990	18000556	18355724	R
2026-07-13T03:19:04+02:00	3047990	18000556	18355724	R
2026-07-13T03:19:05+02:00	3047990	18000556	18355724	R
2026-07-13T03:19:06+02:00	3047990	18000556	18355724	R
2026-07-13T03:19:07+02:00	3047990	18000556	18355724	R
2026-07-13T03:19:08+02:00	3047990	18000556	18355724	R
2026-07-13T03:19:09+02:00	3047990	18000556	18355724	R
2026-07-13T03:19:10+02:00	3047990	18000556	18355724	R
2026-07-13T03:19:11+02:00	3047990	18000556	18355724	R
2026-07-13T03:19:12+02:00	3047990	18000556	18355724	R
2026-07-13T03:19:13+02:00	3047990	18000556	18355724	R
2026-07-13T03:19:14+02:00	3047990	18000556	18355724	R
2026-07-13T03:19:15+02:00	3047990	18000556	18355724	R
2026-07-13T03:19:16+02:00	3047990	18000556	18355724	R
2026-07-13T03:19:17+02:00	3047990	18000556	18355724	R
2026-07-13T03:19:18+02:00	3047990	18000556	18355724	R
2026-07-13T03:19:19+02:00	3047990	18000556	18355724	R
2026-07-13T03:19:20+02:00	3047990	18000556	18355724	R
2026-07-13T03:19:21+02:00	3047990	18000556	18355724	R
2026-07-13T03:19:22+02:00	3047990	18000556	18355724	R
2026-07-13T03:19:23+02:00	3047990	18000556	18355724	R
2026-07-13T03:19:24+02:00	3047990	18000556	18355724	R
2026-07-13T03:19:25+02:00	3047990	18000556	18355724	R
2026-07-13T03:19:26+02:00	3047990	18000556	18355724	R
2026-07-13T03:19:27+02:00	3047990	18000556	18355724	R
2026-07-13T03:19:28+02:00	3047990	18000556	18355724	R
2026-07-13T03:19:29+02:00	3047990	18000556	18355724	R
2026-07-13T03:19:30+02:00	3047990	18000556	18355724	R
2026-07-13T03:19:31+02:00	3047990	18000556	18355724	R
2026-07-13T03:19:32+02:00	3047990	18000556	18355724	R
2026-07-13T03:19:33+02:00	3047990	18000556	18355724	R
2026-07-13T03:19:34+02:00	3047990	18000556	18355724	R
2026-07-13T03:19:35+02:00	3047990	18000556	18355724	R
2026-07-13T03:19:36+02:00	3047990	18000556	18355724	R
2026-07-13T03:19:37+02:00	3047990	18000556	18355724	R
2026-07-13T03:19:38+02:00	3047990	18000556	18355724	R
2026-07-13T03:19:39+02:00	3047990	17645064	18000168	R
2026-07-13T03:19:40+02:00	3047990	17958428	19998640	R
2026-07-13T03:19:41+02:00	3047990	19643276	19998640	R
2026-07-13T03:19:42+02:00	3047990	18823028	19998640	R
2026-07-13T03:19:43+02:00	3047990	21138836	21997112	R
2026-07-13T03:19:44+02:00	3047990	22031684	23995584	R
2026-07-13T03:19:45+02:00	3047990	24085076	25994056	R
2026-07-13T03:19:46+02:00	3047990	24812132	25994056	R
2026-07-13T03:19:47+02:00	3047990	25473716	26493676	R
2026-07-13T03:19:48+02:00	3047990	25473716	26493676	R
2026-07-13T03:19:49+02:00	3047990	25473716	26493676	R
2026-07-13T03:19:50+02:00	3047990	20143156	20498260	R
2026-07-13T03:19:51+02:00	3047990	20143156	20498260	R
2026-07-13T03:19:53+02:00	3047990	20143156	20498260	R
2026-07-13T03:19:54+02:00	3047990	20143156	20498260	R
2026-07-13T03:19:55+02:00	3047990	20143156	20498260	R
2026-07-13T03:19:56+02:00	3047990	20143156	20498260	R
2026-07-13T03:19:57+02:00	3047990	20143156	20498260	R
2026-07-13T03:19:58+02:00	3047990	20143156	20498260	R
2026-07-13T03:19:59+02:00	3047990	20143156	20498260	R
2026-07-13T03:20:00+02:00	3047990	20143156	20498260	R
2026-07-13T03:20:01+02:00	3047990	20143156	20498260	R
2026-07-13T03:20:02+02:00	3047990	20143156	20498260	R
2026-07-13T03:20:03+02:00	3047990	20143156	20498260	R
2026-07-13T03:20:04+02:00	3047990	20143156	20498260	R
2026-07-13T03:20:05+02:00	3047990	20143156	20498260	R
2026-07-13T03:20:06+02:00	3047990	20143156	20498260	R
2026-07-13T03:20:07+02:00	3047990	20143156	20498260	R
2026-07-13T03:20:08+02:00	3047990	20143156	20498260	R
2026-07-13T03:20:09+02:00	3047990	20143156	20498260	R
2026-07-13T03:20:10+02:00	3047990	20143156	20498260	R
2026-07-13T03:20:11+02:00	3047990	20143156	20498260	R
2026-07-13T03:20:12+02:00	3047990	20143156	20498260	R
2026-07-13T03:20:13+02:00	3047990	20143156	20498260	R
2026-07-13T03:20:14+02:00	3047990	20143156	20498260	R
2026-07-13T03:20:15+02:00	3047990	20143156	20498260	R
2026-07-13T03:20:16+02:00	3047990	20143156	20498260	R
2026-07-13T03:20:17+02:00	3047990	20143156	20498260	R
2026-07-13T03:20:18+02:00	3047990	20143156	20498260	R
2026-07-13T03:20:19+02:00	3047990	20143156	20498260	R
2026-07-13T03:20:20+02:00	3047990	20143156	20498260	R
2026-07-13T03:20:21+02:00	3047990	20143156	20498260	R
2026-07-13T03:20:22+02:00	3047990	20143156	20498260	R
2026-07-13T03:20:23+02:00	3047990	20143156	20498260	R
2026-07-13T03:20:24+02:00	3047990	20143156	20498260	R
2026-07-13T03:20:25+02:00	3047990	20143156	20498260	R
2026-07-13T03:20:26+02:00	3047990	20143156	20498260	R
2026-07-13T03:20:27+02:00	3047990	20143156	20498260	R
2026-07-13T03:20:28+02:00	3047990	20143156	20498260	R
2026-07-13T03:20:29+02:00	3047990	20143156	20498260	R
2026-07-13T03:20:30+02:00	3047990	20143156	20498260	R
2026-07-13T03:20:31+02:00	3047990	20143156	20498260	R
2026-07-13T03:20:32+02:00	3047990	20143156	20498260	R
2026-07-13T03:20:33+02:00	3047990	20143156	20498260	R
2026-07-13T03:20:34+02:00	3047990	20143156	20498260	R
2026-07-13T03:20:35+02:00	3047990	20143156	20498260	R
2026-07-13T03:20:36+02:00	3047990	20143156	20498260	R
2026-07-13T03:20:37+02:00	3047990	20143156	20498260	R
2026-07-13T03:20:38+02:00	3047990	20143156	20498260	R
2026-07-13T03:20:39+02:00	3047990	20143156	20498260	R
2026-07-13T03:20:40+02:00	3047990	20143156	20498260	R
2026-07-13T03:20:41+02:00	3047990	20143156	20498260	R
2026-07-13T03:20:42+02:00	3047990	20143156	20498260	R
2026-07-13T03:20:43+02:00	3047990	20143156	20498260	R
2026-07-13T03:20:44+02:00	3047990	20143156	20498260	R
2026-07-13T03:20:46+02:00	3047990	20143156	20498260	R
2026-07-13T03:20:47+02:00	3047990	20143156	20498260	R
2026-07-13T03:20:48+02:00	3047990	20143156	20498260	R
2026-07-13T03:20:49+02:00	3047990	20143156	20498260	R
2026-07-13T03:20:50+02:00	3047990	20143156	20498260	R
2026-07-13T03:20:51+02:00	3047990	20143156	20498260	R
2026-07-13T03:20:52+02:00	3047990	20143156	20498260	R
2026-07-13T03:20:53+02:00	3047990	20143156	20498260	R
2026-07-13T03:20:54+02:00	3047990	20143156	20498260	R
2026-07-13T03:20:55+02:00	3047990	20143156	20498260	R
2026-07-13T03:20:56+02:00	3047990	20143156	20498260	R
2026-07-13T03:20:57+02:00	3047990	20143156	20498260	R
2026-07-13T03:20:58+02:00	3047990	20143156	20498260	R
2026-07-13T03:20:59+02:00	3047990	20143156	20498260	R
2026-07-13T03:21:00+02:00	3047990	20143156	20498260	R
2026-07-13T03:21:01+02:00	3047990	20143156	20498260	R
2026-07-13T03:21:02+02:00	3047990	20143156	20498260	R
2026-07-13T03:21:03+02:00	3047990	20143156	20498260	R
2026-07-13T03:21:04+02:00	3047990	20143156	20498260	R
2026-07-13T03:21:05+02:00	3047990	20143156	20498260	R
2026-07-13T03:21:06+02:00	3047990	20143156	20498260	R
2026-07-13T03:21:07+02:00	3047990	20143156	20498260	R
2026-07-13T03:21:08+02:00	3047990	20143156	20498260	R
2026-07-13T03:21:09+02:00	3047990	20143156	20498260	R
2026-07-13T03:21:10+02:00	3047990	20143156	20498260	R
2026-07-13T03:21:11+02:00	3047990	20143156	20498260	R
2026-07-13T03:21:12+02:00	3047990	20143156	20498260	R
2026-07-13T03:21:13+02:00	3047990	20143156	20498260	R
2026-07-13T03:21:14+02:00	3047990	20143156	20498260	R
2026-07-13T03:21:15+02:00	3047990	20143156	20498260	R
2026-07-13T03:21:16+02:00	3047990	20143156	20498260	R
2026-07-13T03:21:17+02:00	3047990	20143156	20498260	R
2026-07-13T03:21:18+02:00	3047990	20143156	20498260	R
2026-07-13T03:21:19+02:00	3047990	20143156	20498260	R
2026-07-13T03:21:20+02:00	3047990	20143156	20498260	R
2026-07-13T03:21:21+02:00	3047990	20143156	20498260	R
2026-07-13T03:21:22+02:00	3047990	20143156	20498260	R
2026-07-13T03:21:23+02:00	3047990	20143156	20498260	R
2026-07-13T03:21:24+02:00	3047990	20143156	20498260	R
2026-07-13T03:21:25+02:00	3047990	20143156	20498260	R
2026-07-13T03:21:26+02:00	3047990	20143156	20498260	R
2026-07-13T03:21:27+02:00	3047990	20143156	20498260	R
2026-07-13T03:21:28+02:00	3047990	20143156	20498260	R
2026-07-13T03:21:29+02:00	3047990	20143156	20498260	R
2026-07-13T03:21:30+02:00	3047990	20143156	20498260	R
2026-07-13T03:21:31+02:00	3047990	20143156	20498260	R
2026-07-13T03:21:32+02:00	3047990	20143156	20498260	R
2026-07-13T03:21:33+02:00	3047990	20143156	20498260	R
2026-07-13T03:21:34+02:00	3047990	20143156	20498260	R
2026-07-13T03:21:35+02:00	3047990	20143156	20498260	R
2026-07-13T03:21:36+02:00	3047990	20143156	20498260	R
2026-07-13T03:21:37+02:00	3047990	20143156	20498260	R
2026-07-13T03:21:38+02:00	3047990	20143156	20498260	R
2026-07-13T03:21:40+02:00	3047990	20143156	20498260	R
2026-07-13T03:21:41+02:00	3047990	20143156	20498260	R
2026-07-13T03:21:42+02:00	3047990	20143156	20498260	R
2026-07-13T03:21:43+02:00	3047990	20143156	20498260	R
2026-07-13T03:21:44+02:00	3047990	20143156	20498260	R
2026-07-13T03:21:45+02:00	3047990	20143156	20498260	R
2026-07-13T03:21:46+02:00	3047990	20143156	20498260	R
2026-07-13T03:21:47+02:00	3047990	20143156	20498260	R
2026-07-13T03:21:48+02:00	3047990	20143156	20498260	R
2026-07-13T03:21:49+02:00	3047990	20143156	20498260	R
2026-07-13T03:21:50+02:00	3047990	20143156	20498260	R
2026-07-13T03:21:51+02:00	3047990	20143156	20498260	R
2026-07-13T03:21:52+02:00	3047990	20143156	20498260	R
2026-07-13T03:21:53+02:00	3047990	20143156	20498260	R
2026-07-13T03:21:54+02:00	3047990	20143156	20498260	R
2026-07-13T03:21:55+02:00	3047990	20143156	20498260	R
2026-07-13T03:21:56+02:00	3047990	20143156	20498260	R
2026-07-13T03:21:57+02:00	3047990	20143156	20498260	R
2026-07-13T03:21:58+02:00	3047990	20143156	20498260	R
2026-07-13T03:21:59+02:00	3047990	20143156	20498260	R
2026-07-13T03:22:00+02:00	3047990	20143156	20498260	R
2026-07-13T03:22:01+02:00	3047990	20143156	20498260	R
2026-07-13T03:22:02+02:00	3047990	20143156	20498260	R
2026-07-13T03:22:03+02:00	3047990	20143156	20498260	R
2026-07-13T03:22:04+02:00	3047990	20143156	20498260	R
2026-07-13T03:22:05+02:00	3047990	20143156	20498260	R
2026-07-13T03:22:06+02:00	3047990	20143156	20498260	R
2026-07-13T03:22:07+02:00	3047990	20143156	20498260	R
2026-07-13T03:22:08+02:00	3047990	20143156	20498260	R
2026-07-13T03:22:09+02:00	3047990	20143156	20498260	R
2026-07-13T03:22:10+02:00	3047990	20143156	20498260	R
2026-07-13T03:22:11+02:00	3047990	20143156	20498260	R
2026-07-13T03:22:12+02:00	3047990	20143156	20498260	R
2026-07-13T03:22:13+02:00	3047990	20143156	20498260	R
2026-07-13T03:22:14+02:00	3047990	20143156	20498260	R
2026-07-13T03:22:15+02:00	3047990	20143156	20498260	R
2026-07-13T03:22:16+02:00	3047990	20143156	20498260	R
2026-07-13T03:22:17+02:00	3047990	20143156	20498260	R
2026-07-13T03:22:18+02:00	3047990	20143156	20498260	R
2026-07-13T03:22:19+02:00	3047990	20143156	20498260	R
2026-07-13T03:22:20+02:00	3047990	20143156	20498260	R
2026-07-13T03:22:21+02:00	3047990	20143156	20498260	R
2026-07-13T03:22:22+02:00	3047990	20143156	20498260	R
2026-07-13T03:22:23+02:00	3047990	20143156	20498260	R
2026-07-13T03:22:24+02:00	3047990	20143156	20498260	R
2026-07-13T03:22:25+02:00	3047990	20143156	20498260	R
2026-07-13T03:22:26+02:00	3047990	20143156	20498260	R
2026-07-13T03:22:27+02:00	3047990	20143156	20498260	R
2026-07-13T03:22:28+02:00	3047990	20143156	20498260	R
2026-07-13T03:22:29+02:00	3047990	20143156	20498260	R
2026-07-13T03:22:30+02:00	3047990	20143156	20498260	R
2026-07-13T03:22:32+02:00	3047990	20143156	20498260	R
2026-07-13T03:22:33+02:00	3047990	20143156	20498260	R
2026-07-13T03:22:34+02:00	3047990	20143156	20498260	R
2026-07-13T03:22:35+02:00	3047990	20143156	20498260	R
2026-07-13T03:22:36+02:00	3047990	20143156	20498260	R
2026-07-13T03:22:37+02:00	3047990	20143156	20498260	R
2026-07-13T03:22:38+02:00	3047990	20143156	20498260	R
2026-07-13T03:22:39+02:00	3047990	20143156	20498260	R
2026-07-13T03:22:40+02:00	3047990	20143156	20498260	R
2026-07-13T03:22:41+02:00	3047990	20143156	20498260	R
2026-07-13T03:22:42+02:00	3047990	20143156	20498260	R
2026-07-13T03:22:43+02:00	3047990	20143156	20498260	R
2026-07-13T03:22:44+02:00	3047990	20143156	20498260	R
2026-07-13T03:22:45+02:00	3047990	20143156	20498260	R
2026-07-13T03:22:46+02:00	3047990	20143156	20498260	R
2026-07-13T03:22:47+02:00	3047990	20143156	20498260	R
2026-07-13T03:22:48+02:00	3047990	20143156	20498260	R
2026-07-13T03:22:49+02:00	3047990	20143156	20498260	R
2026-07-13T03:22:50+02:00	3047990	20143156	20498260	R
2026-07-13T03:22:51+02:00	3047990	20143156	20498260	R
2026-07-13T03:22:52+02:00	3047990	20143156	20498260	R
2026-07-13T03:22:53+02:00	3047990	20143156	20498260	R
2026-07-13T03:22:54+02:00	3047990	20143156	20498260	R
2026-07-13T03:22:55+02:00	3047990	20143156	20498260	R
2026-07-13T03:22:56+02:00	3047990	20143156	20498260	R
2026-07-13T03:22:57+02:00	3047990	20143156	20498260	R
2026-07-13T03:22:58+02:00	3047990	20143156	20498260	R
2026-07-13T03:22:59+02:00	3047990	20143156	20498260	R
2026-07-13T03:23:00+02:00	3047990	20143156	20498260	R
2026-07-13T03:23:01+02:00	3047990	20143156	20498260	R
2026-07-13T03:23:02+02:00	3047990	20143156	20498260	R
2026-07-13T03:23:03+02:00	3047990	20143156	20498260	R
2026-07-13T03:23:04+02:00	3047990	20143156	20498260	R
2026-07-13T03:23:05+02:00	3047990	20143156	20498260	R
2026-07-13T03:23:06+02:00	3047990	20143156	20498260	R
2026-07-13T03:23:07+02:00	3047990	20143156	20498260	R
2026-07-13T03:23:08+02:00	3047990	20143156	20498260	R
2026-07-13T03:23:09+02:00	3047990	20143156	20498260	R
2026-07-13T03:23:10+02:00	3047990	20143156	20498260	R
2026-07-13T03:23:11+02:00	3047990	20143156	20498260	R
2026-07-13T03:23:12+02:00	3047990	20143156	20498260	R
2026-07-13T03:23:13+02:00	3047990	20143156	20498260	R
2026-07-13T03:23:14+02:00	3047990	20143156	20498260	R
2026-07-13T03:23:15+02:00	3047990	20143156	20498260	R
2026-07-13T03:23:16+02:00	3047990	20143156	20498260	R
2026-07-13T03:23:17+02:00	3047990	20143156	20498260	R
2026-07-13T03:23:18+02:00	3047990	20143156	20498260	R
2026-07-13T03:23:19+02:00	3047990	20143156	20498260	R
2026-07-13T03:23:20+02:00	3047990	20143156	20498260	R
2026-07-13T03:23:21+02:00	3047990	20143156	20498260	R
2026-07-13T03:23:22+02:00	3047990	20143156	20498260	R
2026-07-13T03:23:23+02:00	3047990	20143156	20498260	R
2026-07-13T03:23:25+02:00	3047990	20143156	20498260	R
2026-07-13T03:23:26+02:00	3047990	20143156	20498260	R
2026-07-13T03:23:27+02:00	3047990	20143156	20498260	R
2026-07-13T03:23:28+02:00	3047990	20143156	20498260	R
2026-07-13T03:23:29+02:00	3047990	20143156	20498260	R
2026-07-13T03:23:30+02:00	3047990	20143156	20498260	R
2026-07-13T03:23:31+02:00	3047990	20143156	20498260	R
2026-07-13T03:23:32+02:00	3047990	20143156	20498260	R
2026-07-13T03:23:33+02:00	3047990	20143156	20498260	R
2026-07-13T03:23:34+02:00	3047990	20143156	20498260	R
2026-07-13T03:23:35+02:00	3047990	20143156	20498260	R
2026-07-13T03:23:36+02:00	3047990	20143156	20498260	R
2026-07-13T03:23:37+02:00	3047990	20143156	20498260	R
2026-07-13T03:23:38+02:00	3047990	20143156	20498260	R
2026-07-13T03:23:39+02:00	3047990	20143156	20498260	R
2026-07-13T03:23:40+02:00	3047990	20143156	20498260	R
2026-07-13T03:23:41+02:00	3047990	20143156	20498260	R
2026-07-13T03:23:42+02:00	3047990	20143156	20498260	R
2026-07-13T03:23:43+02:00	3047990	20143156	20498260	R
2026-07-13T03:23:44+02:00	3047990	20143156	20498260	R
2026-07-13T03:23:45+02:00	3047990	20143156	20498260	R
2026-07-13T03:23:46+02:00	3047990	20143156	20498260	R
2026-07-13T03:23:47+02:00	3047990	20143156	20498260	R
2026-07-13T03:23:48+02:00	3047990	20143156	20498260	R
2026-07-13T03:23:49+02:00	3047990	20143156	20498260	R
2026-07-13T03:23:50+02:00	3047990	20143156	20498260	R
2026-07-13T03:23:51+02:00	3047990	20143156	20498260	R
2026-07-13T03:23:52+02:00	3047990	20143156	20498260	R
2026-07-13T03:23:53+02:00	3047990	20143156	20498260	R
2026-07-13T03:23:54+02:00	3047990	20143156	20498260	R
2026-07-13T03:23:55+02:00	3047990	20143156	20498260	R
2026-07-13T03:23:56+02:00	3047990	20143156	20498260	R
2026-07-13T03:23:57+02:00	3047990	20143156	20498260	R
2026-07-13T03:23:58+02:00	3047990	20143156	20498260	R
2026-07-13T03:23:59+02:00	3047990	20143156	20498260	R
2026-07-13T03:24:00+02:00	3047990	20143156	20498260	R
2026-07-13T03:24:01+02:00	3047990	20143156	20498260	R
2026-07-13T03:24:02+02:00	3047990	20143156	20498260	R
2026-07-13T03:24:03+02:00	3047990	20143156	20498260	R
2026-07-13T03:24:04+02:00	3047990	20143156	20498260	R
2026-07-13T03:24:05+02:00	3047990	20143156	20498260	R
2026-07-13T03:24:06+02:00	3047990	20143156	20498260	R
2026-07-13T03:24:07+02:00	3047990	20143156	20498260	R
2026-07-13T03:24:08+02:00	3047990	20143156	20498260	R
2026-07-13T03:24:09+02:00	3047990	20143156	20498260	R
2026-07-13T03:24:10+02:00	3047990	20143156	20498260	R
2026-07-13T03:24:11+02:00	3047990	20143156	20498260	R
2026-07-13T03:24:12+02:00	3047990	20143156	20498260	R
2026-07-13T03:24:13+02:00	3047990	20143156	20498260	R
2026-07-13T03:24:14+02:00	3047990	20143156	20498260	R
2026-07-13T03:24:15+02:00	3047990	20143156	20498260	R
2026-07-13T03:24:16+02:00	3047990	20143156	20498260	R
2026-07-13T03:24:18+02:00	3047990	20143156	20498260	R
2026-07-13T03:24:19+02:00	3047990	20143156	20498260	R
2026-07-13T03:24:20+02:00	3047990	20143156	20498260	R
2026-07-13T03:24:21+02:00	3047990	20143156	20498260	R
2026-07-13T03:24:22+02:00	3047990	20143156	20498260	R
2026-07-13T03:24:23+02:00	3047990	20143156	20498260	R
2026-07-13T03:24:24+02:00	3047990	20143156	20498260	R
2026-07-13T03:24:25+02:00	3047990	20143156	20498260	R
2026-07-13T03:24:26+02:00	3047990	20143156	20498260	R
2026-07-13T03:24:27+02:00	3047990	20143156	20498260	R
2026-07-13T03:24:28+02:00	3047990	20143156	20498260	R
2026-07-13T03:24:29+02:00	3047990	20143156	20498260	R
2026-07-13T03:24:30+02:00	3047990	20143156	20498260	R
2026-07-13T03:24:31+02:00	3047990	20143156	20498260	R
2026-07-13T03:24:32+02:00	3047990	20143156	20498260	R
2026-07-13T03:24:33+02:00	3047990	20143156	20498260	R
2026-07-13T03:24:34+02:00	3047990	20143156	20498260	R
2026-07-13T03:24:35+02:00	3047990	20143156	20498260	R
2026-07-13T03:24:36+02:00	3047990	20143156	20498260	R
2026-07-13T03:24:37+02:00	3047990	20143156	20498260	R
2026-07-13T03:24:38+02:00	3047990	20143156	20498260	R
2026-07-13T03:24:39+02:00	3047990	20143156	20498260	R
2026-07-13T03:24:40+02:00	3047990	20143156	20498260	R
2026-07-13T03:24:41+02:00	3047990	20143156	20498260	R
2026-07-13T03:24:42+02:00	3047990	20143156	20498260	R
2026-07-13T03:24:43+02:00	3047990	20143156	20498260	R
2026-07-13T03:24:44+02:00	3047990	20143156	20498260	R
2026-07-13T03:24:45+02:00	3047990	20143156	20498260	R
2026-07-13T03:24:46+02:00	3047990	20143156	20498260	R
2026-07-13T03:24:47+02:00	3047990	20143156	20498260	R
2026-07-13T03:24:48+02:00	3047990	20143156	20498260	R
2026-07-13T03:24:49+02:00	3047990	20143156	20498260	R
2026-07-13T03:24:50+02:00	3047990	20143156	20498260	R
2026-07-13T03:24:51+02:00	3047990	20143156	20498260	R
2026-07-13T03:24:52+02:00	3047990	20143156	20498260	R
2026-07-13T03:24:53+02:00	3047990	20143156	20498260	R
2026-07-13T03:24:54+02:00	3047990	20143156	20498260	R
2026-07-13T03:24:55+02:00	3047990	20143156	20498260	R
2026-07-13T03:24:56+02:00	3047990	20143156	20498260	R
2026-07-13T03:24:57+02:00	3047990	20143156	20498260	R
2026-07-13T03:24:58+02:00	3047990	20143156	20498260	R
2026-07-13T03:24:59+02:00	3047990	20143156	20498260	R
2026-07-13T03:25:00+02:00	3047990	20143156	20498260	R
2026-07-13T03:25:01+02:00	3047990	20143156	20498260	R
2026-07-13T03:25:02+02:00	3047990	20143156	20498260	R
2026-07-13T03:25:03+02:00	3047990	20143156	20498260	R
2026-07-13T03:25:04+02:00	3047990	20143156	20498260	R
2026-07-13T03:25:05+02:00	3047990	20143156	20498260	R
2026-07-13T03:25:06+02:00	3047990	20143156	20498260	R
2026-07-13T03:25:07+02:00	3047990	20143156	20498260	R
2026-07-13T03:25:08+02:00	3047990	20143156	20498260	R
2026-07-13T03:25:09+02:00	3047990	20143156	20498260	R
2026-07-13T03:25:10+02:00	3047990	20143156	20498260	R
2026-07-13T03:25:12+02:00	3047990	20143156	20498260	R
2026-07-13T03:25:13+02:00	3047990	20143156	20498260	R
2026-07-13T03:25:14+02:00	3047990	20143156	20498260	R
2026-07-13T03:25:15+02:00	3047990	20143156	20498260	R
2026-07-13T03:25:16+02:00	3047990	20143156	20498260	R
2026-07-13T03:25:17+02:00	3047990	20143156	20498260	R
2026-07-13T03:25:18+02:00	3047990	20143156	20498260	R
2026-07-13T03:25:19+02:00	3047990	20143156	20498260	R
2026-07-13T03:25:20+02:00	3047990	20143156	20498260	R
2026-07-13T03:25:21+02:00	3047990	20143156	20498260	R
2026-07-13T03:25:22+02:00	3047990	20143156	20498260	R
2026-07-13T03:25:23+02:00	3047990	20143156	20498260	R
2026-07-13T03:25:24+02:00	3047990	20143156	20498260	R
2026-07-13T03:25:25+02:00	3047990	20143156	20498260	R
2026-07-13T03:25:26+02:00	3047990	20143156	20498260	R
2026-07-13T03:25:27+02:00	3047990	20143156	20498260	R
2026-07-13T03:25:28+02:00	3047990	20143156	20498260	R
2026-07-13T03:25:29+02:00	3047990	20143156	20498260	R
2026-07-13T03:25:30+02:00	3047990	20143156	20498260	R
2026-07-13T03:25:31+02:00	3047990	20143156	20498260	R
2026-07-13T03:25:32+02:00	3047990	20143156	20498260	R
2026-07-13T03:25:33+02:00	3047990	20143156	20498260	R
2026-07-13T03:25:34+02:00	3047990	20143156	20498260	R
2026-07-13T03:25:35+02:00	3047990	20143156	20498260	R
2026-07-13T03:25:36+02:00	3047990	20143156	20498260	R
2026-07-13T03:25:37+02:00	3047990	20143156	20498260	R
2026-07-13T03:25:38+02:00	3047990	20143156	20498260	R
2026-07-13T03:25:39+02:00	3047990	20143156	20498260	R
2026-07-13T03:25:40+02:00	3047990	20143156	20498260	R
2026-07-13T03:25:41+02:00	3047990	20143156	20498260	R
2026-07-13T03:25:42+02:00	3047990	20143156	20498260	R
2026-07-13T03:25:43+02:00	3047990	20143156	20498260	R
2026-07-13T03:25:44+02:00	3047990	20143156	20498260	R
2026-07-13T03:25:45+02:00	3047990	20143156	20498260	R
2026-07-13T03:25:46+02:00	3047990	20143156	20498260	R
2026-07-13T03:25:47+02:00	3047990	20143156	20498260	R
2026-07-13T03:25:48+02:00	3047990	20143156	20498260	R
2026-07-13T03:25:49+02:00	3047990	20143156	20498260	R
2026-07-13T03:25:50+02:00	3047990	20143156	20498260	R
2026-07-13T03:25:51+02:00	3047990	20143156	20498260	R
2026-07-13T03:25:52+02:00	3047990	20143156	20498260	R
2026-07-13T03:25:53+02:00	3047990	20143156	20498260	R
2026-07-13T03:25:54+02:00	3047990	20143156	20498260	R
2026-07-13T03:25:55+02:00	3047990	20143156	20498260	R
2026-07-13T03:25:56+02:00	3047990	20143156	20498260	R
2026-07-13T03:25:57+02:00	3047990	20143156	20498260	R
2026-07-13T03:25:58+02:00	3047990	20143156	20498260	R
2026-07-13T03:25:59+02:00	3047990	20143156	20498260	R
2026-07-13T03:26:00+02:00	3047990	20143156	20498260	R
2026-07-13T03:26:02+02:00	3047990	20143156	20498260	R
2026-07-13T03:26:03+02:00	3047990	20143156	20498260	R
2026-07-13T03:26:04+02:00	3047990	20143156	20498260	R
2026-07-13T03:26:05+02:00	3047990	20143156	20498260	R
2026-07-13T03:26:06+02:00	3047990	20143156	20498260	R
2026-07-13T03:26:07+02:00	3047990	20143156	20498260	R
2026-07-13T03:26:08+02:00	3047990	20143156	20498260	R
2026-07-13T03:26:09+02:00	3047990	20143156	20498260	R
2026-07-13T03:26:10+02:00	3047990	20143156	20498260	R
2026-07-13T03:26:11+02:00	3047990	20143156	20498260	R
2026-07-13T03:26:12+02:00	3047990	20143156	20498260	R
2026-07-13T03:26:13+02:00	3047990	20143156	20498260	R
2026-07-13T03:26:14+02:00	3047990	20143156	20498260	R
2026-07-13T03:26:15+02:00	3047990	20143156	20498260	R
2026-07-13T03:26:16+02:00	3047990	20143156	20498260	R
2026-07-13T03:26:17+02:00	3047990	20143156	20498260	R
2026-07-13T03:26:18+02:00	3047990	20143156	20498260	R
2026-07-13T03:26:19+02:00	3047990	20143156	20498260	R
2026-07-13T03:26:20+02:00	3047990	20143156	20498260	R
2026-07-13T03:26:21+02:00	3047990	20143156	20498260	R
2026-07-13T03:26:22+02:00	3047990	20143156	20498260	R
2026-07-13T03:26:23+02:00	3047990	20143156	20498260	R
2026-07-13T03:26:24+02:00	3047990	20143156	20498260	R
2026-07-13T03:26:25+02:00	3047990	20143156	20498260	R
2026-07-13T03:26:26+02:00	3047990	20143156	20498260	R
2026-07-13T03:26:27+02:00	3047990	20143156	20498260	R
2026-07-13T03:26:28+02:00	3047990	20143156	20498260	R
2026-07-13T03:26:29+02:00	3047990	20143156	20498260	R
2026-07-13T03:26:30+02:00	3047990	20143156	20498260	R
2026-07-13T03:26:31+02:00	3047990	20143156	20498260	R
2026-07-13T03:26:32+02:00	3047990	20143156	20498260	R
2026-07-13T03:26:33+02:00	3047990	20143156	20498260	R
2026-07-13T03:26:34+02:00	3047990	20143156	20498260	R
2026-07-13T03:26:35+02:00	3047990	20143156	20498260	R
2026-07-13T03:26:36+02:00	3047990	20143156	20498260	R
2026-07-13T03:26:37+02:00	3047990	20143156	20498260	R
2026-07-13T03:26:38+02:00	3047990	20143156	20498260	R
2026-07-13T03:26:39+02:00	3047990	20143156	20498260	R
2026-07-13T03:26:40+02:00	3047990	20143156	20498260	R
2026-07-13T03:26:41+02:00	3047990	20143156	20498260	R
2026-07-13T03:26:42+02:00	3047990	20143156	20498260	R
2026-07-13T03:26:43+02:00	3047990	20143156	20498260	R
2026-07-13T03:26:44+02:00	3047990	20143156	20498260	R
2026-07-13T03:26:45+02:00	3047990	20143156	20498260	R
2026-07-13T03:26:46+02:00	3047990	20143156	20498260	R
2026-07-13T03:26:47+02:00	3047990	20143156	20498260	R
2026-07-13T03:26:48+02:00	3047990	20143156	20498260	R
2026-07-13T03:26:49+02:00	3047990	20143156	20498260	R
2026-07-13T03:26:50+02:00	3047990	20143156	20498260	R
2026-07-13T03:26:51+02:00	3047990	20143156	20498260	R
2026-07-13T03:26:52+02:00	3047990	20143156	20498260	R
2026-07-13T03:26:53+02:00	3047990	20143156	20498260	R
2026-07-13T03:26:54+02:00	3047990	20143156	20498260	R
2026-07-13T03:26:56+02:00	3047990	20143156	20498260	R
2026-07-13T03:26:57+02:00	3047990	20143156	20498260	R
2026-07-13T03:26:58+02:00	3047990	20143156	20498260	R
2026-07-13T03:26:59+02:00	3047990	20143156	20498260	R
2026-07-13T03:27:00+02:00	3047990	20143156	20498260	R
2026-07-13T03:27:01+02:00	3047990	20143156	20498260	R
2026-07-13T03:27:02+02:00	3047990	20143156	20498260	R
2026-07-13T03:27:03+02:00	3047990	20143156	20498260	R
2026-07-13T03:27:04+02:00	3047990	20143156	20498260	R
2026-07-13T03:27:05+02:00	3047990	20143156	20498260	R
2026-07-13T03:27:06+02:00	3047990	20143156	20498260	R
2026-07-13T03:27:07+02:00	3047990	20143156	20498260	R
2026-07-13T03:27:08+02:00	3047990	20143156	20498260	R
2026-07-13T03:27:09+02:00	3047990	20143156	20498260	R
2026-07-13T03:27:10+02:00	3047990	20143156	20498260	R
2026-07-13T03:27:11+02:00	3047990	20143156	20498260	R
2026-07-13T03:27:12+02:00	3047990	20143156	20498260	R
2026-07-13T03:27:13+02:00	3047990	20143156	20498260	R
2026-07-13T03:27:14+02:00	3047990	20143156	20498260	R
2026-07-13T03:27:15+02:00	3047990	20143156	20498260	R
2026-07-13T03:27:16+02:00	3047990	20143156	20498260	R
2026-07-13T03:27:17+02:00	3047990	20143156	20498260	R
2026-07-13T03:27:18+02:00	3047990	20143156	20498260	R
2026-07-13T03:27:19+02:00	3047990	20143156	20498260	R
2026-07-13T03:27:20+02:00	3047990	20143156	20498260	R
2026-07-13T03:27:21+02:00	3047990	20143156	20498260	R
2026-07-13T03:27:22+02:00	3047990	20143156	20498260	R
2026-07-13T03:27:23+02:00	3047990	20143156	20498260	R
2026-07-13T03:27:24+02:00	3047990	20143156	20498260	R
2026-07-13T03:27:25+02:00	3047990	20143156	20498260	R
2026-07-13T03:27:26+02:00	3047990	20143156	20498260	R
2026-07-13T03:27:27+02:00	3047990	20143156	20498260	R
2026-07-13T03:27:28+02:00	3047990	20143156	20498260	R
2026-07-13T03:27:29+02:00	3047990	20143156	20498260	R
2026-07-13T03:27:30+02:00	3047990	20143156	20498260	R
2026-07-13T03:27:31+02:00	3047990	20143156	20498260	R
2026-07-13T03:27:32+02:00	3047990	20143156	20498260	R
2026-07-13T03:27:33+02:00	3047990	20143156	20498260	R
2026-07-13T03:27:34+02:00	3047990	20143156	20498260	R
2026-07-13T03:27:35+02:00	3047990	20143156	20498260	R
2026-07-13T03:27:36+02:00	3047990	20143156	20498260	R
2026-07-13T03:27:37+02:00	3047990	20143156	20498260	R
2026-07-13T03:27:38+02:00	3047990	20143156	20498260	R
2026-07-13T03:27:39+02:00	3047990	20143156	20498260	R
2026-07-13T03:27:40+02:00	3047990	20143156	20498260	R
2026-07-13T03:27:41+02:00	3047990	20143156	20498260	R
2026-07-13T03:27:42+02:00	3047990	20143156	20498260	R
2026-07-13T03:27:43+02:00	3047990	20143156	20498260	R
2026-07-13T03:27:44+02:00	3047990	20143156	20498260	R
2026-07-13T03:27:45+02:00	3047990	20143156	20498260	R
2026-07-13T03:27:46+02:00	3047990	20143156	20498260	R
2026-07-13T03:27:47+02:00	3047990	20143156	20498260	R
2026-07-13T03:27:49+02:00	3047990	20143156	20498260	R
2026-07-13T03:27:50+02:00	3047990	20143156	20498260	R
2026-07-13T03:27:51+02:00	3047990	20143156	20498260	R
2026-07-13T03:27:52+02:00	3047990	20143156	20498260	R
2026-07-13T03:27:53+02:00	3047990	20143156	20498260	R
2026-07-13T03:27:54+02:00	3047990	20143156	20498260	R
2026-07-13T03:27:55+02:00	3047990	20143156	20498260	R
2026-07-13T03:27:56+02:00	3047990	20143156	20498260	R
2026-07-13T03:27:57+02:00	3047990	20143156	20498260	R
2026-07-13T03:27:58+02:00	3047990	20143156	20498260	R
2026-07-13T03:27:59+02:00	3047990	20143156	20498260	R
2026-07-13T03:28:00+02:00	3047990	20143156	20498260	R
2026-07-13T03:28:01+02:00	3047990	20143156	20498260	R
2026-07-13T03:28:02+02:00	3047990	20143156	20498260	R
2026-07-13T03:28:03+02:00	3047990	20143156	20498260	R
2026-07-13T03:28:04+02:00	3047990	20143156	20498260	R
2026-07-13T03:28:05+02:00	3047990	20143156	20498260	R
2026-07-13T03:28:06+02:00	3047990	20143156	20498260	R
2026-07-13T03:28:07+02:00	3047990	20143156	20498260	R
2026-07-13T03:28:08+02:00	3047990	20143156	20498260	R
2026-07-13T03:28:09+02:00	3047990	20143156	20498260	R
2026-07-13T03:28:10+02:00	3047990	20143156	20498260	R
2026-07-13T03:28:11+02:00	3047990	20143156	20498260	R
2026-07-13T03:28:12+02:00	3047990	20143156	20498260	R
2026-07-13T03:28:13+02:00	3047990	20143156	20498260	R
2026-07-13T03:28:14+02:00	3047990	20143156	20498260	R
2026-07-13T03:28:15+02:00	3047990	20143156	20498260	R
2026-07-13T03:28:16+02:00	3047990	20143156	20498260	R
2026-07-13T03:28:17+02:00	3047990	20143156	20498260	R
2026-07-13T03:28:18+02:00	3047990	20143156	20498260	R
2026-07-13T03:28:19+02:00	3047990	20143156	20498260	R
2026-07-13T03:28:20+02:00	3047990	20143156	20498260	R
2026-07-13T03:28:21+02:00	3047990	20143156	20498260	R
2026-07-13T03:28:22+02:00	3047990	20143156	20498260	R
2026-07-13T03:28:23+02:00	3047990	20143156	20498260	R
2026-07-13T03:28:24+02:00	3047990	20143156	20498260	R
2026-07-13T03:28:25+02:00	3047990	20143156	20498260	R
2026-07-13T03:28:26+02:00	3047990	20143156	20498260	R
2026-07-13T03:28:27+02:00	3047990	20143156	20498260	R
2026-07-13T03:28:28+02:00	3047990	20143156	20498260	R
2026-07-13T03:28:29+02:00	3047990	20143156	20498260	R
2026-07-13T03:28:30+02:00	3047990	20143156	20498260	R
2026-07-13T03:28:31+02:00	3047990	20143156	20498260	R
2026-07-13T03:28:32+02:00	3047990	20143156	20498260	R
2026-07-13T03:28:33+02:00	3047990	20143156	20498260	R
2026-07-13T03:28:34+02:00	3047990	20143156	20498260	R
2026-07-13T03:28:35+02:00	3047990	20143156	20498260	R
2026-07-13T03:28:36+02:00	3047990	19143920	19499024	R
2026-07-13T03:28:37+02:00	3047990	19143920	19499024	R
2026-07-13T03:28:38+02:00	3047990	19143920	19499024	R
2026-07-13T03:28:39+02:00	3047990	19143920	19499024	R
2026-07-13T03:28:40+02:00	3047990	19143920	19499024	R
2026-07-13T03:28:42+02:00	3047990	19143920	19499024	R
2026-07-13T03:28:43+02:00	3047990	19143920	19499024	R
2026-07-13T03:28:44+02:00	3047990	19143920	19499024	R
2026-07-13T03:28:45+02:00	3047990	19143920	19499024	R
2026-07-13T03:28:46+02:00	3047990	19143920	19499024	R
2026-07-13T03:28:47+02:00	3047990	19143920	19499024	R
2026-07-13T03:28:48+02:00	3047990	19143920	19499024	R
2026-07-13T03:28:49+02:00	3047990	19143920	19499024	R
2026-07-13T03:28:50+02:00	3047990	19143920	19499024	R
2026-07-13T03:28:51+02:00	3047990	19143920	19499024	R
2026-07-13T03:28:52+02:00	3047990	19143920	19499024	R
2026-07-13T03:28:53+02:00	3047990	19143920	19499024	R
2026-07-13T03:28:54+02:00	3047990	19143920	19499024	R
2026-07-13T03:28:55+02:00	3047990	19143920	19499024	R
2026-07-13T03:28:56+02:00	3047990	19143920	19499024	R
2026-07-13T03:28:57+02:00	3047990	19143920	19499024	R
2026-07-13T03:28:58+02:00	3047990	19143920	19499024	R
2026-07-13T03:28:59+02:00	3047990	19143920	19499024	R
2026-07-13T03:29:00+02:00	3047990	19143920	19499024	R
2026-07-13T03:29:01+02:00	3047990	19143920	19499024	R
2026-07-13T03:29:02+02:00	3047990	19143920	19499024	R
2026-07-13T03:29:03+02:00	3047990	19143920	19499024	R
2026-07-13T03:29:04+02:00	3047990	19143920	19499024	R
2026-07-13T03:29:05+02:00	3047990	19143920	19499024	R
2026-07-13T03:29:06+02:00	3047990	19143920	19499024	R
2026-07-13T03:29:07+02:00	3047990	19143920	19499024	R
2026-07-13T03:29:08+02:00	3047990	19143920	19499024	R
2026-07-13T03:29:09+02:00	3047990	19143920	19499024	R
2026-07-13T03:29:10+02:00	3047990	19143920	19499024	R
2026-07-13T03:29:11+02:00	3047990	19143920	19499024	R
2026-07-13T03:29:12+02:00	3047990	19143920	19499024	R
2026-07-13T03:29:13+02:00	3047990	19143920	19499024	R
2026-07-13T03:29:14+02:00	3047990	19143920	19499024	R
2026-07-13T03:29:15+02:00	3047990	19143920	19499024	R
2026-07-13T03:29:16+02:00	3047990	19143920	19499024	R
2026-07-13T03:29:17+02:00	3047990	19143920	19499024	R
2026-07-13T03:29:18+02:00	3047990	19143920	19499024	R
2026-07-13T03:29:19+02:00	3047990	19143920	19499024	R
2026-07-13T03:29:20+02:00	3047990	19143920	19499024	R
2026-07-13T03:29:21+02:00	3047990	19143920	19499024	R
2026-07-13T03:29:22+02:00	3047990	19143920	19499024	R
2026-07-13T03:29:23+02:00	3047990	19143920	19499024	R
2026-07-13T03:29:24+02:00	3047990	19143920	19499024	R
2026-07-13T03:29:25+02:00	3047990	19143920	19499024	R
2026-07-13T03:29:26+02:00	3047990	19143920	19499024	R
2026-07-13T03:29:27+02:00	3047990	19143920	19499024	R
2026-07-13T03:29:28+02:00	3047990	19143920	19499024	R
2026-07-13T03:29:29+02:00	3047990	19143920	19499024	R
2026-07-13T03:29:30+02:00	3047990	19143920	19499024	R
2026-07-13T03:29:31+02:00	3047990	19143920	19499024	R
2026-07-13T03:29:32+02:00	3047990	19143920	19499024	R
2026-07-13T03:29:34+02:00	3047990	19143920	19499024	R
2026-07-13T03:29:35+02:00	3047990	19143920	19499024	R
2026-07-13T03:29:36+02:00	3047990	19143920	19499024	R
2026-07-13T03:29:37+02:00	3047990	19143920	19499024	R
2026-07-13T03:29:38+02:00	3047990	19143920	19499024	R
2026-07-13T03:29:39+02:00	3047990	19143920	19499024	R
2026-07-13T03:29:40+02:00	3047990	19143920	19499024	R
2026-07-13T03:29:41+02:00	3047990	19143920	19499024	R
2026-07-13T03:29:42+02:00	3047990	19143920	19499024	R
2026-07-13T03:29:43+02:00	3047990	19143920	19499024	R
2026-07-13T03:29:44+02:00	3047990	19143920	19499024	R
2026-07-13T03:29:45+02:00	3047990	19143920	19499024	R
2026-07-13T03:29:46+02:00	3047990	19143920	19499024	R
2026-07-13T03:29:47+02:00	3047990	19143920	19499024	R
2026-07-13T03:29:48+02:00	3047990	19143920	19499024	R
2026-07-13T03:29:49+02:00	3047990	19143920	19499024	R
2026-07-13T03:29:50+02:00	3047990	19143920	19499024	R
2026-07-13T03:29:51+02:00	3047990	19143920	19499024	R
2026-07-13T03:29:52+02:00	3047990	19143920	19499024	R
2026-07-13T03:29:53+02:00	3047990	19143920	19499024	R
2026-07-13T03:29:54+02:00	3047990	19143920	19499024	R
2026-07-13T03:29:55+02:00	3047990	19143920	19499024	R
2026-07-13T03:29:56+02:00	3047990	19143920	19499024	R
2026-07-13T03:29:57+02:00	3047990	19143920	19499024	R
2026-07-13T03:29:58+02:00	3047990	19143920	19499024	R
2026-07-13T03:29:59+02:00	3047990	19143920	19499024	R
2026-07-13T03:30:00+02:00	3047990	19143920	19499024	R
2026-07-13T03:30:01+02:00	3047990	19143920	19499024	R
2026-07-13T03:30:02+02:00	3047990	19143920	19499024	R
2026-07-13T03:30:03+02:00	3047990	19143920	19499024	R
2026-07-13T03:30:04+02:00	3047990	19143920	19499024	R
2026-07-13T03:30:05+02:00	3047990	19143920	19499024	R
2026-07-13T03:30:06+02:00	3047990	19143920	19499024	R
2026-07-13T03:30:07+02:00	3047990	19143920	19499024	R
2026-07-13T03:30:08+02:00	3047990	19143920	19499024	R
2026-07-13T03:30:09+02:00	3047990	19143920	19499024	R
2026-07-13T03:30:10+02:00	3047990	19143920	19499024	R
2026-07-13T03:30:11+02:00	3047990	19143920	19499024	R
2026-07-13T03:30:12+02:00	3047990	19143920	19499024	R
2026-07-13T03:30:13+02:00	3047990	19143920	19499024	R
2026-07-13T03:30:14+02:00	3047990	19143920	19499024	R
2026-07-13T03:30:15+02:00	3047990	19143920	19499024	R
2026-07-13T03:30:16+02:00	3047990	19143920	19499024	R
2026-07-13T03:30:17+02:00	3047990	19143920	19499024	R
2026-07-13T03:30:18+02:00	3047990	19143920	19499024	R
2026-07-13T03:30:19+02:00	3047990	19143920	19499024	R
2026-07-13T03:30:20+02:00	3047990	19143920	19499024	R
2026-07-13T03:30:21+02:00	3047990	19143920	19499024	R
2026-07-13T03:30:22+02:00	3047990	19143920	19499024	R
2026-07-13T03:30:23+02:00	3047990	19143920	19499024	R
2026-07-13T03:30:24+02:00	3047990	19143920	19499024	R
2026-07-13T03:30:26+02:00	3047990	19143920	19499024	R
2026-07-13T03:30:27+02:00	3047990	19143920	19499024	R
2026-07-13T03:30:28+02:00	3047990	19143920	19499024	R
2026-07-13T03:30:29+02:00	3047990	19143920	19499024	R
2026-07-13T03:30:30+02:00	3047990	19143920	19499024	R
2026-07-13T03:30:31+02:00	3047990	19143920	19499024	R
2026-07-13T03:30:32+02:00	3047990	19143920	19499024	R
2026-07-13T03:30:33+02:00	3047990	19143920	19499024	R
2026-07-13T03:30:34+02:00	3047990	19143920	19499024	R
2026-07-13T03:30:35+02:00	3047990	19143920	19499024	R
2026-07-13T03:30:36+02:00	3047990	19143920	19499024	R
2026-07-13T03:30:37+02:00	3047990	19143920	19499024	R
2026-07-13T03:30:38+02:00	3047990	19143920	19499024	R
2026-07-13T03:30:39+02:00	3047990	19143920	19499024	R
2026-07-13T03:30:40+02:00	3047990	19143920	19499024	R
2026-07-13T03:30:41+02:00	3047990	19143920	19499024	R
2026-07-13T03:30:42+02:00	3047990	19143920	19499024	R
2026-07-13T03:30:43+02:00	3047990	19143920	19499024	R
2026-07-13T03:30:44+02:00	3047990	19143920	19499024	R
2026-07-13T03:30:45+02:00	3047990	19143920	19499024	R
2026-07-13T03:30:46+02:00	3047990	19143920	19499024	R
2026-07-13T03:30:47+02:00	3047990	19143920	19499024	R
2026-07-13T03:30:48+02:00	3047990	19143920	19499024	R
2026-07-13T03:30:49+02:00	3047990	19143920	19499024	R
2026-07-13T03:30:50+02:00	3047990	19143920	19499024	R
2026-07-13T03:30:51+02:00	3047990	19143920	19499024	R
2026-07-13T03:30:52+02:00	3047990	19143920	19499024	R
2026-07-13T03:30:53+02:00	3047990	19143920	19499024	R
2026-07-13T03:30:54+02:00	3047990	19143920	19499024	R
2026-07-13T03:30:55+02:00	3047990	19143920	19499024	R
2026-07-13T03:30:56+02:00	3047990	19143920	19499024	R
2026-07-13T03:30:57+02:00	3047990	19143920	19499024	R
2026-07-13T03:30:58+02:00	3047990	19143920	19499024	R
2026-07-13T03:30:59+02:00	3047990	19143920	19499024	R
2026-07-13T03:31:00+02:00	3047990	19143920	19499024	R
2026-07-13T03:31:01+02:00	3047990	19143920	19499024	R
2026-07-13T03:31:02+02:00	3047990	19143920	19499024	R
2026-07-13T03:31:03+02:00	3047990	19143920	19499024	R
2026-07-13T03:31:04+02:00	3047990	19143920	19499024	R
2026-07-13T03:31:05+02:00	3047990	19143920	19499024	R
2026-07-13T03:31:06+02:00	3047990	19143920	19499024	R
2026-07-13T03:31:07+02:00	3047990	19143920	19499024	R
2026-07-13T03:31:08+02:00	3047990	19143920	19499024	R
2026-07-13T03:31:09+02:00	3047990	19143920	19499024	R
2026-07-13T03:31:10+02:00	3047990	19143920	19499024	R
2026-07-13T03:31:11+02:00	3047990	19143920	19499024	R
2026-07-13T03:31:12+02:00	3047990	19143920	19499024	R
2026-07-13T03:31:13+02:00	3047990	19143920	19499024	R
2026-07-13T03:31:14+02:00	3047990	19143920	19499024	R
2026-07-13T03:31:15+02:00	3047990	19143920	19499024	R
2026-07-13T03:31:16+02:00	3047990	19143920	19499024	R
2026-07-13T03:31:18+02:00	3047990	19143920	19499024	R
2026-07-13T03:31:19+02:00	3047990	19143920	19499024	R
2026-07-13T03:31:20+02:00	3047990	19143920	19499024	R
2026-07-13T03:31:21+02:00	3047990	19143920	19499024	R
2026-07-13T03:31:22+02:00	3047990	19143920	19499024	R
2026-07-13T03:31:23+02:00	3047990	19143920	19499024	R
2026-07-13T03:31:24+02:00	3047990	19143920	19499024	R
2026-07-13T03:31:25+02:00	3047990	19143920	19499024	R
2026-07-13T03:31:26+02:00	3047990	19143920	19499024	R
2026-07-13T03:31:27+02:00	3047990	19143920	19499024	R
2026-07-13T03:31:28+02:00	3047990	19143920	19499024	R
2026-07-13T03:31:29+02:00	3047990	19143920	19499024	R
2026-07-13T03:31:30+02:00	3047990	19143920	19499024	R
2026-07-13T03:31:31+02:00	3047990	19143920	19499024	R
2026-07-13T03:31:32+02:00	3047990	19143920	19499024	R
2026-07-13T03:31:33+02:00	3047990	19143920	19499024	R
2026-07-13T03:31:34+02:00	3047990	19143920	19499024	R
2026-07-13T03:31:35+02:00	3047990	19143920	19499024	R
2026-07-13T03:31:36+02:00	3047990	19143920	19499024	R
2026-07-13T03:31:37+02:00	3047990	19143920	19499024	R
2026-07-13T03:31:38+02:00	3047990	19143920	19499024	R
2026-07-13T03:31:39+02:00	3047990	19143920	19499024	R
2026-07-13T03:31:40+02:00	3047990	19143920	19499024	R
2026-07-13T03:31:41+02:00	3047990	19143920	19499024	R
2026-07-13T03:31:42+02:00	3047990	19143920	19499024	R
2026-07-13T03:31:43+02:00	3047990	19143920	19499024	R
2026-07-13T03:31:44+02:00	3047990	19143920	19499024	R
2026-07-13T03:31:45+02:00	3047990	19143920	19499024	R
2026-07-13T03:31:46+02:00	3047990	19143920	19499024	R
2026-07-13T03:31:47+02:00	3047990	19143920	19499024	R
2026-07-13T03:31:48+02:00	3047990	19143920	19499024	R
2026-07-13T03:31:49+02:00	3047990	19143920	19499024	R
2026-07-13T03:31:50+02:00	3047990	19143920	19499024	R
2026-07-13T03:31:51+02:00	3047990	19143920	19499024	R
2026-07-13T03:31:52+02:00	3047990	19143920	19499024	R
2026-07-13T03:31:53+02:00	3047990	19143920	19499024	R
2026-07-13T03:31:54+02:00	3047990	19143920	19499024	R
2026-07-13T03:31:55+02:00	3047990	19143920	19499024	R
2026-07-13T03:31:56+02:00	3047990	19143920	19499024	R
2026-07-13T03:31:57+02:00	3047990	19143920	19499024	R
2026-07-13T03:31:58+02:00	3047990	19143920	19499024	R
2026-07-13T03:31:59+02:00	3047990	19143920	19499024	R
2026-07-13T03:32:00+02:00	3047990	19143920	19499024	R
2026-07-13T03:32:01+02:00	3047990	19143920	19499024	R
2026-07-13T03:32:02+02:00	3047990	19143920	19499024	R
2026-07-13T03:32:03+02:00	3047990	19143920	19499024	R
2026-07-13T03:32:04+02:00	3047990	19143920	19499024	R
2026-07-13T03:32:05+02:00	3047990	19143920	19499024	R
2026-07-13T03:32:06+02:00	3047990	19143920	19499024	R
2026-07-13T03:32:07+02:00	3047990	19143920	19499024	R
2026-07-13T03:32:09+02:00	3047990	19143920	19499024	R
2026-07-13T03:32:10+02:00	3047990	19143920	19499024	R
2026-07-13T03:32:11+02:00	3047990	19143920	19499024	R
2026-07-13T03:32:12+02:00	3047990	19143920	19499024	R
2026-07-13T03:32:13+02:00	3047990	19143920	19499024	R
2026-07-13T03:32:14+02:00	3047990	19143920	19499024	R
2026-07-13T03:32:15+02:00	3047990	19143920	19499024	R
2026-07-13T03:32:16+02:00	3047990	19143920	19499024	R
2026-07-13T03:32:17+02:00	3047990	19143920	19499024	R
2026-07-13T03:32:18+02:00	3047990	19143920	19499024	R
2026-07-13T03:32:19+02:00	3047990	19143920	19499024	R
2026-07-13T03:32:20+02:00	3047990	19143920	19499024	R
2026-07-13T03:32:21+02:00	3047990	19143920	19499024	R
2026-07-13T03:32:22+02:00	3047990	19143920	19499024	R
2026-07-13T03:32:23+02:00	3047990	19143920	19499024	R
2026-07-13T03:32:24+02:00	3047990	19143920	19499024	R
2026-07-13T03:32:25+02:00	3047990	19143920	19499024	R
2026-07-13T03:32:26+02:00	3047990	19143920	19499024	R
2026-07-13T03:32:27+02:00	3047990	19143920	19499024	R
2026-07-13T03:32:28+02:00	3047990	19143920	19499024	R
2026-07-13T03:32:29+02:00	3047990	19143920	19499024	R
2026-07-13T03:32:30+02:00	3047990	19143920	19499024	R
2026-07-13T03:32:31+02:00	3047990	19143920	19499024	R
2026-07-13T03:32:32+02:00	3047990	19143920	19499024	R
2026-07-13T03:32:33+02:00	3047990	19143920	19499024	R
2026-07-13T03:32:34+02:00	3047990	19143920	19499024	R
2026-07-13T03:32:35+02:00	3047990	19143920	19499024	R
2026-07-13T03:32:36+02:00	3047990	19143920	19499024	R
2026-07-13T03:32:37+02:00	3047990	19143920	19499024	R
2026-07-13T03:32:38+02:00	3047990	19143920	19499024	R
2026-07-13T03:32:39+02:00	3047990	19143920	19499024	R
2026-07-13T03:32:40+02:00	3047990	19143920	19499024	R
2026-07-13T03:32:41+02:00	3047990	19143920	19499024	R
2026-07-13T03:32:42+02:00	3047990	19143920	19499024	R
2026-07-13T03:32:43+02:00	3047990	19143920	19499024	R
2026-07-13T03:32:44+02:00	3047990	19143920	19499024	R
2026-07-13T03:32:45+02:00	3047990	19143920	19499024	R
2026-07-13T03:32:46+02:00	3047990	19143920	19499024	R
2026-07-13T03:32:47+02:00	3047990	19143920	19499024	R
2026-07-13T03:32:48+02:00	3047990	19143920	19499024	R
2026-07-13T03:32:49+02:00	3047990	19143920	19499024	R
2026-07-13T03:32:50+02:00	3047990	19143920	19499024	R
2026-07-13T03:32:51+02:00	3047990	19143920	19499024	R
2026-07-13T03:32:52+02:00	3047990	19143920	19499024	R
2026-07-13T03:32:53+02:00	3047990	19143920	19499024	R
2026-07-13T03:32:54+02:00	3047990	19143920	19499024	R
2026-07-13T03:32:55+02:00	3047990	19143920	19499024	R
2026-07-13T03:32:56+02:00	3047990	19143920	19499024	R
2026-07-13T03:32:57+02:00	3047990	19143920	19499024	R
2026-07-13T03:32:58+02:00	3047990	19143920	19499024	R
2026-07-13T03:32:59+02:00	3047990	19143920	19499024	R
2026-07-13T03:33:00+02:00	3047990	19143920	19499024	R
2026-07-13T03:33:02+02:00	3047990	19143920	19499024	R
2026-07-13T03:33:03+02:00	3047990	19143920	19499024	R
2026-07-13T03:33:04+02:00	3047990	19143920	19499024	R
2026-07-13T03:33:05+02:00	3047990	19143920	19499024	R
2026-07-13T03:33:06+02:00	3047990	19143920	19499024	R
2026-07-13T03:33:07+02:00	3047990	19143920	19499024	R
2026-07-13T03:33:08+02:00	3047990	19143920	19499024	R
2026-07-13T03:33:09+02:00	3047990	19143920	19499024	R
2026-07-13T03:33:10+02:00	3047990	19143920	19499024	R
2026-07-13T03:33:11+02:00	3047990	19143920	19499024	R
2026-07-13T03:33:12+02:00	3047990	19143920	19499024	R
2026-07-13T03:33:13+02:00	3047990	19143920	19499024	R
2026-07-13T03:33:14+02:00	3047990	19143920	19499024	R
2026-07-13T03:33:15+02:00	3047990	19143920	19499024	R
2026-07-13T03:33:16+02:00	3047990	19143920	19499024	R
2026-07-13T03:33:17+02:00	3047990	19143920	19499024	R
2026-07-13T03:33:18+02:00	3047990	19143920	19499024	R
2026-07-13T03:33:19+02:00	3047990	19143920	19499024	R
2026-07-13T03:33:20+02:00	3047990	19143920	19499024	R
2026-07-13T03:33:21+02:00	3047990	19143920	19499024	R
2026-07-13T03:33:22+02:00	3047990	19143920	19499024	R
2026-07-13T03:33:23+02:00	3047990	19143920	19499024	R
2026-07-13T03:33:24+02:00	3047990	19143920	19499024	R
2026-07-13T03:33:25+02:00	3047990	19143920	19499024	R
2026-07-13T03:33:26+02:00	3047990	19143920	19499024	R
2026-07-13T03:33:27+02:00	3047990	19143920	19499024	R
2026-07-13T03:33:28+02:00	3047990	19143920	19499024	R
2026-07-13T03:33:29+02:00	3047990	19143920	19499024	R
2026-07-13T03:33:30+02:00	3047990	19143920	19499024	R
2026-07-13T03:33:31+02:00	3047990	19143920	19499024	R
2026-07-13T03:33:32+02:00	3047990	19143920	19499024	R
2026-07-13T03:33:33+02:00	3047990	19143920	19499024	R
2026-07-13T03:33:34+02:00	3047990	19143920	19499024	R
2026-07-13T03:33:35+02:00	3047990	19143920	19499024	R
2026-07-13T03:33:36+02:00	3047990	19143920	19499024	R
2026-07-13T03:33:37+02:00	3047990	19143920	19499024	R
2026-07-13T03:33:38+02:00	3047990	19143920	19499024	R
2026-07-13T03:33:39+02:00	3047990	19143920	19499024	R
2026-07-13T03:33:40+02:00	3047990	19143920	19499024	R
2026-07-13T03:33:41+02:00	3047990	19143920	19499024	R
2026-07-13T03:33:42+02:00	3047990	19143920	19499024	R
2026-07-13T03:33:43+02:00	3047990	19143920	19499024	R
2026-07-13T03:33:44+02:00	3047990	19143920	19499024	R
2026-07-13T03:33:45+02:00	3047990	19143920	19499024	R
2026-07-13T03:33:46+02:00	3047990	19143920	19499024	R
2026-07-13T03:33:47+02:00	3047990	19143920	19499024	R
2026-07-13T03:33:48+02:00	3047990	19143920	19499024	R
2026-07-13T03:33:49+02:00	3047990	19143920	19499024	R
2026-07-13T03:33:50+02:00	3047990	19848268	20498264	R
2026-07-13T03:33:51+02:00	3047990	20642644	20997884	R
2026-07-13T03:33:53+02:00	3047990	21128404	21497504	R
2026-07-13T03:33:54+02:00	3047990	21895192	22496744	R
2026-07-13T03:33:55+02:00	3047990	22141504	22496744	R
2026-07-13T03:33:56+02:00	3047990	22645084	23495984	R
2026-07-13T03:33:57+02:00	3047990	23640364	23995604	R
2026-07-13T03:33:58+02:00	3047990	23927332	24495224	R
2026-07-13T03:33:59+02:00	3047990	24702304	25494464	R
2026-07-13T03:34:00+02:00	3047990	0	0	R
