timestamp,pid,rss_kb,vsz_kb,command
2026-07-13T02:41:38+02:00,3039800,147784,244104,R
2026-07-13T02:41:39+02:00,3039800,281808,449420,R
2026-07-13T02:41:40+02:00,3039800,399528,563084,R
2026-07-13T02:41:41+02:00,3039800,412676,642208,R
2026-07-13T02:41:42+02:00,3039800,1167584,1398008,R
2026-07-13T02:41:43+02:00,3039800,2300568,4154664,R
2026-07-13T02:41:44+02:00,3039800,2855384,3405980,R
2026-07-13T02:41:45+02:00,3039800,4537856,7653480,R
2026-07-13T02:41:46+02:00,3039800,4096216,5825296,R
2026-07-13T02:41:47+02:00,3039800,3367168,7153060,R
2026-07-13T02:41:48+02:00,3039800,3253208,5654208,R
2026-07-13T02:41:49+02:00,3039800,5872616,6153828,R
2026-07-13T02:41:50+02:00,3039800,3821312,4155356,R
2026-07-13T02:41:51+02:00,3039800,4873484,5154596,R
2026-07-13T02:41:52+02:00,3039800,5577636,6153836,R
2026-07-13T02:41:53+02:00,3039800,6423828,6653456,R
2026-07-13T02:41:54+02:00,3039800,6578208,7153076,R
2026-07-13T02:41:55+02:00,3039800,2427084,2656504,R
2026-07-13T02:41:56+02:00,3039800,2456648,3156124,R
2026-07-13T02:41:57+02:00,3039800,2926568,3156124,R
2026-07-13T02:41:58+02:00,3039800,3967256,4405172,R
2026-07-13T02:41:59+02:00,3039800,4544292,5240156,R
2026-07-13T02:42:00+02:00,3039800,4263012,4492676,R
2026-07-13T02:42:01+02:00,3039800,4263012,4492676,R
2026-07-13T02:42:02+02:00,3039800,4914828,5491916,R
2026-07-13T02:42:03+02:00,3039800,5819400,6739444,R
2026-07-13T02:42:04+02:00,3039800,6947208,8488848,R
2026-07-13T02:42:05+02:00,3039800,7520236,7749848,R
2026-07-13T02:42:06+02:00,3039800,9158884,11987664,R
2026-07-13T02:42:07+02:00,3039800,8503404,10231776,R
2026-07-13T02:42:08+02:00,3039800,8120548,11487332,R
2026-07-13T02:42:09+02:00,3039800,8024716,9988480,R
2026-07-13T02:42:10+02:00,3039800,7909876,9988480,R
2026-07-13T02:42:12+02:00,3039800,10258420,10488100,R
2026-07-13T02:42:13+02:00,3039800,8198824,8489628,R
2026-07-13T02:42:14+02:00,3039800,5850120,6079844,R
2026-07-13T02:42:15+02:00,3039800,4268204,4497624,R
2026-07-13T02:42:16+02:00,3039800,4268204,4497624,R
2026-07-13T02:42:17+02:00,3039800,1203360,1738316,R
2026-07-13T02:42:18+02:00,3039800,2010144,2238072,R
2026-07-13T02:42:19+02:00,3039800,2778912,3238376,R
2026-07-13T02:42:20+02:00,3039800,1569692,2239136,R
2026-07-13T02:42:21+02:00,3039800,2383340,2738756,R
2026-07-13T02:42:22+02:00,3039800,1514020,1742160,R
2026-07-13T02:42:23+02:00,3039800,2994792,3492636,R
2026-07-13T02:42:24+02:00,3039800,4077724,5242076,R
2026-07-13T02:42:25+02:00,3039800,4342436,4570592,R
2026-07-13T02:42:26+02:00,3039800,6293924,8740964,R
2026-07-13T02:42:27+02:00,3039800,5266276,6993044,R
2026-07-13T02:42:28+02:00,3039800,5144424,8237360,R
2026-07-13T02:42:29+02:00,3039800,5040408,6738508,R
2026-07-13T02:42:30+02:00,3039800,7010112,7238128,R
2026-07-13T02:42:31+02:00,3039800,5011764,5239656,R
2026-07-13T02:42:32+02:00,3039800,6011004,6238896,R
2026-07-13T02:42:33+02:00,3039800,6675900,6903656,R
2026-07-13T02:42:34+02:00,3039800,7510656,7738640,R
2026-07-13T02:42:35+02:00,3039800,8222584,8950112,R
2026-07-13T02:42:36+02:00,3039800,9841696,13237536,R
2026-07-13T02:42:37+02:00,3039800,9632976,11359740,R
2026-07-13T02:42:38+02:00,3039800,12099000,14487328,R
2026-07-13T02:42:39+02:00,3039800,12260976,13987708,R
2026-07-13T02:42:40+02:00,3039800,9513668,12824928,R
2026-07-13T02:42:41+02:00,3039800,9371108,9827224,R
2026-07-13T02:42:42+02:00,3039800,9730676,10326844,R
2026-07-13T02:42:43+02:00,3039800,10101992,10826464,R
2026-07-13T02:42:44+02:00,3039800,10981508,11326084,R
2026-07-13T02:42:45+02:00,3039800,11179640,11825704,R
2026-07-13T02:42:46+02:00,3039800,12823304,14323796,R
2026-07-13T02:42:47+02:00,3039800,15331832,16821888,R
2026-07-13T02:42:48+02:00,3039800,15232836,16821888,R
2026-07-13T02:42:49+02:00,3039800,14901336,15323036,R
2026-07-13T02:42:50+02:00,3039800,15628072,16072468,R
2026-07-13T02:42:51+02:00,3039800,15301972,15982052,R
2026-07-13T02:42:52+02:00,3039800,8737964,9154572,R
2026-07-13T02:42:53+02:00,3039800,9992624,10653432,R
2026-07-13T02:42:54+02:00,3039800,10320380,10653436,R
2026-07-13T02:42:55+02:00,3039800,9508896,9903032,R
2026-07-13T02:42:56+02:00,3039800,10259504,10653436,R
2026-07-13T02:42:57+02:00,3039800,11138756,11652676,R
2026-07-13T02:42:58+02:00,3039800,12240296,12651916,R
2026-07-13T02:42:59+02:00,3039800,13117700,13651156,R
2026-07-13T02:43:00+02:00,3039800,13683848,14150776,R
2026-07-13T02:43:01+02:00,3039800,14042492,14650396,R
2026-07-13T02:43:03+02:00,3039800,15119216,15649636,R
2026-07-13T02:43:04+02:00,3039800,15996620,16648876,R
2026-07-13T02:43:05+02:00,3039800,16570160,17148496,R
2026-07-13T02:43:06+02:00,3039800,17753808,18147736,R
2026-07-13T02:43:07+02:00,3039800,17502344,18147736,R
2026-07-13T02:43:08+02:00,3039800,18253292,18647356,R
2026-07-13T02:43:09+02:00,3039800,19492904,20146216,R
2026-07-13T02:43:10+02:00,3039800,21251144,21645076,R
2026-07-13T02:43:11+02:00,3039800,20411624,21145456,R
2026-07-13T02:43:12+02:00,3039800,21251012,21645076,R
2026-07-13T02:43:13+02:00,3039800,22371560,23143936,R
2026-07-13T02:43:14+02:00,3039800,24248864,24642796,R
2026-07-13T02:43:15+02:00,3039800,24345356,25142416,R
2026-07-13T02:43:16+02:00,3039800,23870156,24642796,R
2026-07-13T02:43:17+02:00,3039800,24670904,25142416,R
2026-07-13T02:43:18+02:00,3039800,25335356,26141656,R
2026-07-13T02:43:19+02:00,3039800,27265724,28140136,R
2026-07-13T02:43:20+02:00,3039800,26797652,27640516,R
2026-07-13T02:43:21+02:00,3039800,27681392,28140136,R
2026-07-13T02:43:22+02:00,3039800,28230116,28639756,R
2026-07-13T02:43:23+02:00,3039800,30162068,30638236,R
2026-07-13T02:43:24+02:00,3039800,30208664,30638236,R
2026-07-13T02:43:25+02:00,3039800,30247340,31137856,R
2026-07-13T02:43:26+02:00,3039800,31127384,31637476,R
2026-07-13T02:43:27+02:00,3039800,31711616,32137096,R
2026-07-13T02:43:28+02:00,3039800,33117416,33635956,R
2026-07-13T02:43:29+02:00,3039800,33155828,33635956,R
2026-07-13T02:43:30+02:00,3039800,34037192,34635196,R
2026-07-13T02:43:31+02:00,3039800,34587896,35134816,R
2026-07-13T02:43:32+02:00,3039800,35988416,36633676,R
2026-07-13T02:43:33+02:00,3039800,36029996,36633676,R
2026-07-13T02:43:34+02:00,3039800,36596936,37133296,R
2026-07-13T02:43:35+02:00,3039800,36965876,37632916,R
2026-07-13T02:43:36+02:00,3039800,38067944,38632156,R
2026-07-13T02:43:37+02:00,3039800,38946668,39631396,R
2026-07-13T02:43:38+02:00,3039800,39520472,40131016,R
2026-07-13T02:43:39+02:00,3039800,39889148,40630636,R
2026-07-13T02:43:40+02:00,3039800,40960328,41629876,R
2026-07-13T02:43:41+02:00,3039800,41839052,42629116,R
2026-07-13T02:43:42+02:00,3039800,42404672,43128736,R
2026-07-13T02:43:43+02:00,3039800,44233664,44627596,R
2026-07-13T02:43:44+02:00,3039800,43362160,43753264,R
2026-07-13T02:43:45+02:00,3039800,44673512,45626828,R
2026-07-13T02:43:46+02:00,3039800,43989484,45209808,R
2026-07-13T02:43:47+02:00,3039800,6514432,6739084,R
2026-07-13T02:43:48+02:00,3039800,8892012,9237176,R
2026-07-13T02:43:49+02:00,3039800,11268540,11735268,R
2026-07-13T02:43:50+02:00,3039800,13792116,14233360,R
2026-07-13T02:43:51+02:00,3039800,12954956,14233360,R
2026-07-13T02:43:52+02:00,3039800,15465068,16731452,R
2026-07-13T02:43:53+02:00,3039800,15341112,16736240,R
2026-07-13T02:43:55+02:00,3039800,14802208,16736240,R
2026-07-13T02:43:56+02:00,3039800,14547976,16736240,R
2026-07-13T02:43:57+02:00,3039800,14728552,14987580,R
2026-07-13T02:43:58+02:00,3039800,13330088,13738540,R
2026-07-13T02:43:59+02:00,3039800,15543464,15986840,R
2026-07-13T02:44:00+02:00,3039800,15878216,16236640,R
2026-07-13T02:44:01+02:00,3039800,16810004,17235880,R
2026-07-13T02:44:02+02:00,3039800,17838680,18151528,R
2026-07-13T02:44:03+02:00,3039800,18111460,18734740,R
2026-07-13T02:44:04+02:00,3039800,12369992,12739304,R
2026-07-13T02:44:05+02:00,3039800,15525848,19733964,R
2026-07-13T02:44:06+02:00,3039800,18597224,19733964,R
2026-07-13T02:44:07+02:00,3039800,20778920,25479576,R
2026-07-13T02:44:08+02:00,3039800,23370344,25479576,R
2026-07-13T02:44:09+02:00,3039800,25507424,26229008,R
2026-07-13T02:44:10+02:00,3039800,26903984,27228248,R
2026-07-13T02:44:11+02:00,3039800,28590416,28815316,R
2026-07-13T02:44:12+02:00,3039800,28843856,29068732,R
2026-07-13T02:44:13+02:00,3039800,29139008,29363780,R
2026-07-13T02:44:14+02:00,3039800,29590976,29815772,R
2026-07-13T02:44:15+02:00,3039800,30037928,30262884,R
2026-07-13T02:44:16+02:00,3039800,30538208,30763136,R
2026-07-13T02:44:17+02:00,3039800,30907808,31132732,R
2026-07-13T02:44:18+02:00,3039800,31304072,31529044,R
2026-07-13T02:44:19+02:00,3039800,31700072,31924832,R
2026-07-13T02:44:20+02:00,3039800,32070200,32295088,R
2026-07-13T02:44:21+02:00,3039800,32408384,32633196,R
2026-07-13T02:44:22+02:00,3039800,32732048,32956756,R
2026-07-13T02:44:23+02:00,3039800,32867480,33092212,R
2026-07-13T02:44:24+02:00,3039800,32867480,33092212,R
2026-07-13T02:44:25+02:00,3039800,32867480,33092212,R
2026-07-13T02:44:26+02:00,3039800,30713856,31093732,R
2026-07-13T02:44:27+02:00,3039800,18101488,18344680,R
2026-07-13T02:44:28+02:00,3039800,18619456,18844300,R
2026-07-13T02:44:29+02:00,3039800,19243948,19468828,R
2026-07-13T02:44:30+02:00,3039800,20581108,21345832,R
2026-07-13T02:44:31+02:00,3039800,23093860,23843924,R
2026-07-13T02:44:32+02:00,3039800,22251252,23843924,R
2026-07-13T02:44:33+02:00,3039800,24762684,26342016,R
2026-07-13T02:44:34+02:00,3039800,24593100,26353888,R
2026-07-13T02:44:35+02:00,3039800,27343716,28851980,R
2026-07-13T02:44:36+02:00,3039800,27814388,28851980,R
2026-07-13T02:44:37+02:00,3039800,30328460,30600656,R
2026-07-13T02:44:38+02:00,3039800,32489828,32848952,R
2026-07-13T02:44:39+02:00,3039800,34871900,35097248,R
2026-07-13T02:44:40+02:00,3039800,36707756,37511764,R
2026-07-13T02:44:41+02:00,3039800,38867012,39343064,R
2026-07-13T02:44:42+02:00,3039800,32306232,32848952,R
2026-07-13T02:44:43+02:00,3039800,31927968,34680252,R
2026-07-13T02:44:44+02:00,3039800,32950916,33431228,R
2026-07-13T02:44:46+02:00,3039800,34958636,36015872,R
2026-07-13T02:44:47+02:00,3039800,31778332,32532792,R
2026-07-13T02:44:48+02:00,3039800,33064540,33947092,R
2026-07-13T02:44:49+02:00,3039800,34392460,35117436,R
2026-07-13T02:44:50+02:00,3039800,34392460,35117436,R
2026-07-13T02:44:51+02:00,3039800,34392460,35117436,R
2026-07-13T02:44:52+02:00,3039800,35391700,36116676,R
2026-07-13T02:44:53+02:00,3039800,35391700,36116676,R
2026-07-13T02:44:54+02:00,3039800,35391700,36116676,R
2026-07-13T02:44:55+02:00,3039800,35391700,36116676,R
2026-07-13T02:44:56+02:00,3039800,35391700,36116676,R
2026-07-13T02:44:57+02:00,3039800,35391700,36116676,R
2026-07-13T02:44:58+02:00,3039800,35391700,36116676,R
2026-07-13T02:44:59+02:00,3039800,35391700,36116676,R
2026-07-13T02:45:00+02:00,3039800,35391700,36116676,R
2026-07-13T02:45:01+02:00,3039800,35391700,36116676,R
2026-07-13T02:45:02+02:00,3039800,35391700,36116676,R
2026-07-13T02:45:03+02:00,3039800,21744132,21969508,R
2026-07-13T02:45:04+02:00,3039800,21744132,21969508,R
2026-07-13T02:45:05+02:00,3039800,21744132,21969508,R
2026-07-13T02:45:06+02:00,3039800,21784788,22053104,R
2026-07-13T02:45:07+02:00,3039800,20477628,20978084,R
2026-07-13T02:45:08+02:00,3039800,22256460,22481828,R
2026-07-13T02:45:09+02:00,3039800,22256460,22481828,R
2026-07-13T02:45:10+02:00,3039800,22256460,22481828,R
2026-07-13T02:45:11+02:00,3039800,23427036,23652164,R
2026-07-13T02:45:12+02:00,3039800,23427036,23652164,R
2026-07-13T02:45:13+02:00,3039800,25568604,25817836,R
2026-07-13T02:45:14+02:00,3039800,27004880,27316696,R
2026-07-13T02:45:15+02:00,3039800,29368736,30230824,R
2026-07-13T02:45:16+02:00,3039800,31605608,32229304,R
2026-07-13T02:45:17+02:00,3039800,33069488,33728164,R
2026-07-13T02:45:18+02:00,3039800,33419288,33728164,R
2026-07-13T02:45:19+02:00,3039800,23641064,24280636,R
2026-07-13T02:45:20+02:00,3039800,24055544,24280636,R
2026-07-13T02:45:21+02:00,3039800,24055544,24280636,R
2026-07-13T02:45:22+02:00,3039800,24055544,24280636,R
2026-07-13T02:45:23+02:00,3039800,24055544,24280636,R
2026-07-13T02:45:24+02:00,3039800,24055544,24280636,R
2026-07-13T02:45:25+02:00,3039800,24055544,24280636,R
2026-07-13T02:45:26+02:00,3039800,24055544,24280636,R
2026-07-13T02:45:27+02:00,3039800,25446032,25779496,R
2026-07-13T02:45:28+02:00,3039800,25554408,25779496,R
2026-07-13T02:45:29+02:00,3039800,25857212,28277588,R
2026-07-13T02:45:30+02:00,3039800,28368116,30775680,R
2026-07-13T02:45:31+02:00,3039800,30550340,30775680,R
2026-07-13T02:45:32+02:00,3039800,30034344,30775680,R
2026-07-13T02:45:33+02:00,3039800,32542872,33273772,R
2026-07-13T02:45:34+02:00,3039800,32420764,33407572,R
2026-07-13T02:45:35+02:00,3039800,35378092,35905664,R
2026-07-13T02:45:37+02:00,3039800,35828684,36655096,R
2026-07-13T02:45:38+02:00,3039800,38054204,38903392,R
2026-07-13T02:45:39+02:00,3039800,40212404,40652072,R
2026-07-13T02:45:40+02:00,3039800,35608384,36155492,R
2026-07-13T02:45:41+02:00,3039800,34050792,34406832,R
2026-07-13T02:45:42+02:00,3039800,36214536,36737752,R
2026-07-13T02:45:43+02:00,3039800,31978160,32656208,R
2026-07-13T02:45:44+02:00,3039800,32582584,33155824,R
2026-07-13T02:45:45+02:00,3039800,33591108,34321292,R
2026-07-13T02:45:46+02:00,3039800,35463132,36069964,R
2026-07-13T02:45:47+02:00,3039800,33466592,34322240,R
2026-07-13T02:45:48+02:00,3039800,33528100,34073416,R
2026-07-13T02:45:49+02:00,3039800,34888756,36075816,R
2026-07-13T02:45:50+02:00,3039800,33198108,33757240,R
2026-07-13T02:45:51+02:00,3039800,35641164,36181524,R
2026-07-13T02:45:52+02:00,3039800,35659380,36181524,R
2026-07-13T02:45:53+02:00,3039800,20977216,21333116,R
2026-07-13T02:45:54+02:00,3039800,17979504,18335404,R
2026-07-13T02:45:55+02:00,3039800,20040284,20508900,R
2026-07-13T02:45:56+02:00,3039800,21703484,22178864,R
2026-07-13T02:45:57+02:00,3039800,24163700,25509980,R
2026-07-13T02:45:58+02:00,3039800,25816952,26509220,R
2026-07-13T02:45:59+02:00,3039800,26749268,27508460,R
2026-07-13T02:46:00+02:00,3039800,28705112,29423352,R
2026-07-13T02:46:01+02:00,3039800,31226576,31921448,R
2026-07-13T02:46:02+02:00,3039800,22554776,22910676,R
2026-07-13T02:46:03+02:00,3039800,22554640,22910676,R
2026-07-13T02:46:04+02:00,3039800,22663144,23019012,R
2026-07-13T02:46:05+02:00,3039800,23197744,23553560,R
2026-07-13T02:46:06+02:00,3039800,23659744,24015752,R
2026-07-13T02:46:07+02:00,3039800,24079768,24435876,R
2026-07-13T02:46:08+02:00,3039800,24469432,24825312,R
2026-07-13T02:46:09+02:00,3039800,24859888,25215808,R
2026-07-13T02:46:10+02:00,3039800,25220776,25576804,R
2026-07-13T02:46:11+02:00,3039800,25545760,25901552,R
2026-07-13T02:46:12+02:00,3039800,25853584,26209636,R
2026-07-13T02:46:13+02:00,3039800,26685184,27386264,R
2026-07-13T02:46:14+02:00,3039800,27530028,27886020,R
2026-07-13T02:46:15+02:00,3039800,28155160,28511076,R
2026-07-13T02:46:16+02:00,3039800,29323004,30384640,R
2026-07-13T02:46:17+02:00,3039800,31835492,32882732,R
2026-07-13T02:46:18+02:00,3039800,30991704,32882732,R
2026-07-13T02:46:19+02:00,3039800,33508944,35380824,R
2026-07-13T02:46:20+02:00,3039800,33407472,40377136,R
2026-07-13T02:46:21+02:00,3039800,35273952,43026508,R
2026-07-13T02:46:22+02:00,3039800,36002064,43474384,R
2026-07-13T02:46:23+02:00,3039800,36729912,43922392,R
2026-07-13T02:46:24+02:00,3039800,37457232,44370004,R
2026-07-13T02:46:25+02:00,3039800,38185344,44818012,R
2026-07-13T02:46:27+02:00,3039800,38915568,45267472,R
2026-07-13T02:46:28+02:00,3039800,39643944,45715612,R
2026-07-13T02:46:29+02:00,3039800,40369944,46162300,R
2026-07-13T02:46:30+02:00,3039800,41093832,46607932,R
2026-07-13T02:46:31+02:00,3039800,39658760,46491640,R
2026-07-13T02:46:32+02:00,3039800,41796104,48000268,R
2026-07-13T02:46:33+02:00,3039800,43933712,49509160,R
2026-07-13T02:46:34+02:00,3039800,44726812,48406832,R
2026-07-13T02:46:35+02:00,3039800,43054908,43410652,R
2026-07-13T02:46:36+02:00,3039800,43054908,43410652,R
2026-07-13T02:46:37+02:00,3039800,43472816,43828632,R
2026-07-13T02:46:38+02:00,3039800,44574716,44998976,R
2026-07-13T02:46:39+02:00,3039800,45646412,46002128,R
2026-07-13T02:46:40+02:00,3039800,45924744,46290316,R
2026-07-13T02:46:41+02:00,3039800,45789048,46165408,R
2026-07-13T02:46:42+02:00,3039800,46896260,48768824,R
2026-07-13T02:46:43+02:00,3039800,47601240,47956968,R
2026-07-13T02:46:44+02:00,3039800,47664228,48019924,R
2026-07-13T02:46:45+02:00,3039800,47664228,48019924,R
2026-07-13T02:46:46+02:00,3039800,45908712,46264408,R
2026-07-13T02:46:47+02:00,3039800,46242932,47263644,R
2026-07-13T02:46:48+02:00,3039800,48241412,49262116,R
2026-07-13T02:46:49+02:00,3039800,46907948,47263644,R
2026-07-13T02:46:50+02:00,3039800,45572368,45928064,R
2026-07-13T02:46:51+02:00,3039800,40403132,40758828,R
2026-07-13T02:46:52+02:00,3039800,40403132,40758828,R
2026-07-13T02:46:53+02:00,3039800,40403132,40758828,R
2026-07-13T02:46:54+02:00,3039800,40403132,40758828,R
2026-07-13T02:46:55+02:00,3039800,40403132,40758828,R
2026-07-13T02:46:56+02:00,3039800,40403132,40758828,R
2026-07-13T02:46:57+02:00,3039800,40403132,40758828,R
2026-07-13T02:46:58+02:00,3039800,40403132,40758828,R
2026-07-13T02:46:59+02:00,3039800,40403132,40758828,R
2026-07-13T02:47:00+02:00,3039800,40403132,40758828,R
2026-07-13T02:47:01+02:00,3039800,40403132,40758828,R
2026-07-13T02:47:02+02:00,3039800,40403132,40758828,R
2026-07-13T02:47:03+02:00,3039800,40403132,40758828,R
2026-07-13T02:47:04+02:00,3039800,40403132,40758828,R
2026-07-13T02:47:05+02:00,3039800,40403132,40758828,R
2026-07-13T02:47:06+02:00,3039800,40403132,40758828,R
2026-07-13T02:47:07+02:00,3039800,40403132,40758828,R
2026-07-13T02:47:08+02:00,3039800,40403132,40758828,R
2026-07-13T02:47:09+02:00,3039800,40403132,40758828,R
2026-07-13T02:47:10+02:00,3039800,40403132,40758828,R
2026-07-13T02:47:11+02:00,3039800,40403132,40758828,R
2026-07-13T02:47:12+02:00,3039800,40403132,40758828,R
2026-07-13T02:47:13+02:00,3039800,40403132,40758828,R
2026-07-13T02:47:14+02:00,3039800,40403132,40758828,R
2026-07-13T02:47:15+02:00,3039800,40403132,40758828,R
2026-07-13T02:47:16+02:00,3039800,40403132,40758828,R
2026-07-13T02:47:17+02:00,3039800,40403132,40758828,R
2026-07-13T02:47:18+02:00,3039800,40403132,40758828,R
2026-07-13T02:47:20+02:00,3039800,40403132,40758828,R
2026-07-13T02:47:21+02:00,3039800,40403132,40758828,R
2026-07-13T02:47:22+02:00,3039800,40403132,40758828,R
2026-07-13T02:47:23+02:00,3039800,40403132,40758828,R
2026-07-13T02:47:24+02:00,3039800,40403132,40758828,R
2026-07-13T02:47:25+02:00,3039800,40403132,40758828,R
2026-07-13T02:47:26+02:00,3039800,40403132,40758828,R
2026-07-13T02:47:27+02:00,3039800,40403132,40758828,R
2026-07-13T02:47:28+02:00,3039800,40403132,40758828,R
2026-07-13T02:47:29+02:00,3039800,40403132,40758828,R
2026-07-13T02:47:30+02:00,3039800,40403132,40758828,R
2026-07-13T02:47:31+02:00,3039800,40403132,40758828,R
2026-07-13T02:47:32+02:00,3039800,40403132,40758828,R
2026-07-13T02:47:33+02:00,3039800,40403132,40758828,R
2026-07-13T02:47:34+02:00,3039800,40403132,40758828,R
2026-07-13T02:47:35+02:00,3039800,40403132,40758828,R
2026-07-13T02:47:36+02:00,3039800,40403132,40758828,R
2026-07-13T02:47:37+02:00,3039800,40403132,40758828,R
2026-07-13T02:47:38+02:00,3039800,40403132,40758828,R
2026-07-13T02:47:39+02:00,3039800,40403132,40758828,R
2026-07-13T02:47:40+02:00,3039800,40403132,40758828,R
2026-07-13T02:47:41+02:00,3039800,40403132,40758828,R
2026-07-13T02:47:42+02:00,3039800,40403132,40758828,R
2026-07-13T02:47:43+02:00,3039800,40403132,40758828,R
2026-07-13T02:47:44+02:00,3039800,40403132,40758828,R
2026-07-13T02:47:45+02:00,3039800,40403132,40758828,R
2026-07-13T02:47:46+02:00,3039800,40403132,40758828,R
2026-07-13T02:47:47+02:00,3039800,40403132,40758828,R
2026-07-13T02:47:48+02:00,3039800,40403132,40758828,R
2026-07-13T02:47:49+02:00,3039800,40403132,40758828,R
2026-07-13T02:47:50+02:00,3039800,40403132,40758828,R
2026-07-13T02:47:51+02:00,3039800,40403132,40758828,R
2026-07-13T02:47:52+02:00,3039800,40403132,40758828,R
2026-07-13T02:47:53+02:00,3039800,40403132,40758828,R
2026-07-13T02:47:54+02:00,3039800,40403132,40758828,R
2026-07-13T02:47:55+02:00,3039800,40403132,40758828,R
2026-07-13T02:47:56+02:00,3039800,40403132,40758828,R
2026-07-13T02:47:57+02:00,3039800,40403132,40758828,R
2026-07-13T02:47:58+02:00,3039800,40403132,40758828,R
2026-07-13T02:47:59+02:00,3039800,40403132,40758828,R
2026-07-13T02:48:00+02:00,3039800,40403132,40758828,R
2026-07-13T02:48:01+02:00,3039800,40403132,40758828,R
2026-07-13T02:48:02+02:00,3039800,40403132,40758828,R
2026-07-13T02:48:03+02:00,3039800,40403132,40758828,R
2026-07-13T02:48:04+02:00,3039800,40403132,40758828,R
2026-07-13T02:48:05+02:00,3039800,40403132,40758828,R
2026-07-13T02:48:06+02:00,3039800,40403132,40758828,R
2026-07-13T02:48:07+02:00,3039800,40403132,40758828,R
2026-07-13T02:48:08+02:00,3039800,40403132,40758828,R
2026-07-13T02:48:09+02:00,3039800,40403132,40758828,R
2026-07-13T02:48:10+02:00,3039800,40403132,40758828,R
2026-07-13T02:48:11+02:00,3039800,40403132,40758828,R
2026-07-13T02:48:12+02:00,3039800,40403132,40758828,R
2026-07-13T02:48:13+02:00,3039800,40403132,40758828,R
2026-07-13T02:48:15+02:00,3039800,40403132,40758828,R
2026-07-13T02:48:16+02:00,3039800,40403132,40758828,R
2026-07-13T02:48:17+02:00,3039800,40403132,40758828,R
2026-07-13T02:48:18+02:00,3039800,40403132,40758828,R
2026-07-13T02:48:19+02:00,3039800,40403132,40758828,R
2026-07-13T02:48:20+02:00,3039800,40403132,40758828,R
2026-07-13T02:48:21+02:00,3039800,40403132,40758828,R
2026-07-13T02:48:22+02:00,3039800,40403132,40758828,R
2026-07-13T02:48:23+02:00,3039800,40403132,40758828,R
2026-07-13T02:48:24+02:00,3039800,40403132,40758828,R
2026-07-13T02:48:25+02:00,3039800,40403132,40758828,R
2026-07-13T02:48:26+02:00,3039800,40403132,40758828,R
2026-07-13T02:48:27+02:00,3039800,39670760,40259208,R
2026-07-13T02:48:28+02:00,3039800,34157896,34513592,R
2026-07-13T02:48:29+02:00,3039800,34157896,34513592,R
2026-07-13T02:48:30+02:00,3039800,34157896,34513592,R
2026-07-13T02:48:31+02:00,3039800,34157896,34513592,R
2026-07-13T02:48:32+02:00,3039800,34157896,34513592,R
2026-07-13T02:48:33+02:00,3039800,34157896,34513592,R
2026-07-13T02:48:34+02:00,3039800,34157896,34513592,R
2026-07-13T02:48:35+02:00,3039800,34157896,34513592,R
2026-07-13T02:48:36+02:00,3039800,34157896,34513592,R
2026-07-13T02:48:37+02:00,3039800,34157896,34513592,R
2026-07-13T02:48:38+02:00,3039800,34157896,34513592,R
2026-07-13T02:48:39+02:00,3039800,34157896,34513592,R
2026-07-13T02:48:40+02:00,3039800,34157896,34513592,R
2026-07-13T02:48:41+02:00,3039800,34157896,34513592,R
2026-07-13T02:48:42+02:00,3039800,34157896,34513592,R
2026-07-13T02:48:43+02:00,3039800,34157896,34513592,R
2026-07-13T02:48:44+02:00,3039800,34157896,34513592,R
2026-07-13T02:48:45+02:00,3039800,34157896,34513592,R
2026-07-13T02:48:46+02:00,3039800,34157896,34513592,R
2026-07-13T02:48:47+02:00,3039800,34157896,34513592,R
2026-07-13T02:48:48+02:00,3039800,34157896,34513592,R
2026-07-13T02:48:49+02:00,3039800,34157896,34513592,R
2026-07-13T02:48:50+02:00,3039800,34157896,34513592,R
2026-07-13T02:48:51+02:00,3039800,34157896,34513592,R
2026-07-13T02:48:52+02:00,3039800,34157896,34513592,R
2026-07-13T02:48:53+02:00,3039800,34157896,34513592,R
2026-07-13T02:48:54+02:00,3039800,34157896,34513592,R
2026-07-13T02:48:55+02:00,3039800,34157896,34513592,R
2026-07-13T02:48:56+02:00,3039800,34157896,34513592,R
2026-07-13T02:48:57+02:00,3039800,34157896,34513592,R
2026-07-13T02:48:58+02:00,3039800,34157896,34513592,R
2026-07-13T02:48:59+02:00,3039800,34157896,34513592,R
2026-07-13T02:49:00+02:00,3039800,34157896,34513592,R
2026-07-13T02:49:01+02:00,3039800,34157896,34513592,R
2026-07-13T02:49:02+02:00,3039800,34157896,34513592,R
2026-07-13T02:49:03+02:00,3039800,34157896,34513592,R
2026-07-13T02:49:04+02:00,3039800,34157896,34513592,R
2026-07-13T02:49:05+02:00,3039800,34157896,34513592,R
2026-07-13T02:49:06+02:00,3039800,34157896,34513592,R
2026-07-13T02:49:07+02:00,3039800,34157896,34513592,R
2026-07-13T02:49:08+02:00,3039800,34157896,34513592,R
2026-07-13T02:49:10+02:00,3039800,34157896,34513592,R
2026-07-13T02:49:11+02:00,3039800,34157896,34513592,R
2026-07-13T02:49:12+02:00,3039800,34157896,34513592,R
2026-07-13T02:49:13+02:00,3039800,34157896,34513592,R
2026-07-13T02:49:14+02:00,3039800,34157896,34513592,R
2026-07-13T02:49:15+02:00,3039800,34157896,34513592,R
2026-07-13T02:49:16+02:00,3039800,34157896,34513592,R
2026-07-13T02:49:17+02:00,3039800,34157896,34513592,R
2026-07-13T02:49:18+02:00,3039800,34157896,34513592,R
2026-07-13T02:49:19+02:00,3039800,34157896,34513592,R
2026-07-13T02:49:20+02:00,3039800,34157896,34513592,R
2026-07-13T02:49:21+02:00,3039800,34157896,34513592,R
2026-07-13T02:49:22+02:00,3039800,34157896,34513592,R
2026-07-13T02:49:23+02:00,3039800,34157896,34513592,R
2026-07-13T02:49:24+02:00,3039800,34157896,34513592,R
2026-07-13T02:49:25+02:00,3039800,34157896,34513592,R
2026-07-13T02:49:26+02:00,3039800,34157896,34513592,R
2026-07-13T02:49:27+02:00,3039800,34157896,34513592,R
2026-07-13T02:49:28+02:00,3039800,34157896,34513592,R
2026-07-13T02:49:29+02:00,3039800,34157896,34513592,R
2026-07-13T02:49:30+02:00,3039800,34157896,34513592,R
2026-07-13T02:49:31+02:00,3039800,34157896,34513592,R
2026-07-13T02:49:32+02:00,3039800,34157896,34513592,R
2026-07-13T02:49:33+02:00,3039800,34157896,34513592,R
2026-07-13T02:49:34+02:00,3039800,34157896,34513592,R
2026-07-13T02:49:35+02:00,3039800,34157896,34513592,R
2026-07-13T02:49:36+02:00,3039800,34157896,34513592,R
2026-07-13T02:49:37+02:00,3039800,34157896,34513592,R
2026-07-13T02:49:38+02:00,3039800,34157896,34513592,R
2026-07-13T02:49:39+02:00,3039800,34157896,34513592,R
2026-07-13T02:49:40+02:00,3039800,34157896,34513592,R
2026-07-13T02:49:41+02:00,3039800,34157896,34513592,R
2026-07-13T02:49:42+02:00,3039800,34157896,34513592,R
2026-07-13T02:49:43+02:00,3039800,34157896,34513592,R
2026-07-13T02:49:44+02:00,3039800,34157896,34513592,R
2026-07-13T02:49:45+02:00,3039800,34157896,34513592,R
2026-07-13T02:49:46+02:00,3039800,34157896,34513592,R
2026-07-13T02:49:47+02:00,3039800,34157896,34513592,R
2026-07-13T02:49:48+02:00,3039800,34157896,34513592,R
2026-07-13T02:49:49+02:00,3039800,34157896,34513592,R
2026-07-13T02:49:50+02:00,3039800,34157896,34513592,R
2026-07-13T02:49:51+02:00,3039800,34157896,34513592,R
2026-07-13T02:49:52+02:00,3039800,34157896,34513592,R
2026-07-13T02:49:53+02:00,3039800,34157896,34513592,R
2026-07-13T02:49:54+02:00,3039800,34157896,34513592,R
2026-07-13T02:49:55+02:00,3039800,34157896,34513592,R
2026-07-13T02:49:56+02:00,3039800,34157896,34513592,R
2026-07-13T02:49:57+02:00,3039800,34157896,34513592,R
2026-07-13T02:49:58+02:00,3039800,34157896,34513592,R
2026-07-13T02:49:59+02:00,3039800,34157896,34513592,R
2026-07-13T02:50:00+02:00,3039800,34157896,34513592,R
2026-07-13T02:50:01+02:00,3039800,34157896,34513592,R
2026-07-13T02:50:02+02:00,3039800,34157896,34513592,R
2026-07-13T02:50:03+02:00,3039800,34157896,34513592,R
2026-07-13T02:50:05+02:00,3039800,34157896,34513592,R
2026-07-13T02:50:06+02:00,3039800,34157896,34513592,R
2026-07-13T02:50:07+02:00,3039800,34157896,34513592,R
2026-07-13T02:50:08+02:00,3039800,34157896,34513592,R
2026-07-13T02:50:09+02:00,3039800,34157896,34513592,R
2026-07-13T02:50:10+02:00,3039800,34157896,34513592,R
2026-07-13T02:50:11+02:00,3039800,34157896,34513592,R
2026-07-13T02:50:12+02:00,3039800,34157896,34513592,R
2026-07-13T02:50:13+02:00,3039800,34157896,34513592,R
2026-07-13T02:50:14+02:00,3039800,34157896,34513592,R
2026-07-13T02:50:15+02:00,3039800,34157896,34513592,R
2026-07-13T02:50:16+02:00,3039800,34157896,34513592,R
2026-07-13T02:50:17+02:00,3039800,34157896,34513592,R
2026-07-13T02:50:18+02:00,3039800,34157896,34513592,R
2026-07-13T02:50:19+02:00,3039800,34157896,34513592,R
2026-07-13T02:50:20+02:00,3039800,34157896,34513592,R
2026-07-13T02:50:21+02:00,3039800,34157896,34513592,R
2026-07-13T02:50:22+02:00,3039800,34157896,34513592,R
2026-07-13T02:50:23+02:00,3039800,34157896,34513592,R
2026-07-13T02:50:24+02:00,3039800,34157896,34513592,R
2026-07-13T02:50:25+02:00,3039800,34157896,34513592,R
2026-07-13T02:50:26+02:00,3039800,34157896,34513592,R
2026-07-13T02:50:27+02:00,3039800,34157896,34513592,R
2026-07-13T02:50:28+02:00,3039800,34157896,34513592,R
2026-07-13T02:50:29+02:00,3039800,34157896,34513592,R
2026-07-13T02:50:30+02:00,3039800,34157896,34513592,R
2026-07-13T02:50:31+02:00,3039800,34157896,34513592,R
2026-07-13T02:50:32+02:00,3039800,34157896,34513592,R
2026-07-13T02:50:33+02:00,3039800,34157896,34513592,R
2026-07-13T02:50:34+02:00,3039800,34157896,34513592,R
2026-07-13T02:50:35+02:00,3039800,34157896,34513592,R
2026-07-13T02:50:36+02:00,3039800,34157896,34513592,R
2026-07-13T02:50:37+02:00,3039800,34157896,34513592,R
2026-07-13T02:50:38+02:00,3039800,34157896,34513592,R
2026-07-13T02:50:39+02:00,3039800,34157896,34513592,R
2026-07-13T02:50:40+02:00,3039800,34157896,34513592,R
2026-07-13T02:50:41+02:00,3039800,34157896,34513592,R
2026-07-13T02:50:42+02:00,3039800,34157896,34513592,R
2026-07-13T02:50:43+02:00,3039800,34157896,34513592,R
2026-07-13T02:50:44+02:00,3039800,34157896,34513592,R
2026-07-13T02:50:45+02:00,3039800,34157896,34513592,R
2026-07-13T02:50:46+02:00,3039800,34157896,34513592,R
2026-07-13T02:50:47+02:00,3039800,34157896,34513592,R
2026-07-13T02:50:48+02:00,3039800,34157896,34513592,R
2026-07-13T02:50:49+02:00,3039800,34157896,34513592,R
2026-07-13T02:50:50+02:00,3039800,34157896,34513592,R
2026-07-13T02:50:51+02:00,3039800,34157896,34513592,R
2026-07-13T02:50:52+02:00,3039800,34157896,34513592,R
2026-07-13T02:50:53+02:00,3039800,34157896,34513592,R
2026-07-13T02:50:54+02:00,3039800,34157896,34513592,R
2026-07-13T02:50:55+02:00,3039800,34157896,34513592,R
2026-07-13T02:50:56+02:00,3039800,34157896,34513592,R
2026-07-13T02:50:57+02:00,3039800,34157896,34513592,R
2026-07-13T02:50:58+02:00,3039800,34157896,34513592,R
2026-07-13T02:51:00+02:00,3039800,34157896,34513592,R
2026-07-13T02:51:01+02:00,3039800,34157896,34513592,R
2026-07-13T02:51:02+02:00,3039800,34157896,34513592,R
2026-07-13T02:51:03+02:00,3039800,34157896,34513592,R
2026-07-13T02:51:04+02:00,3039800,34157896,34513592,R
2026-07-13T02:51:05+02:00,3039800,34157896,34513592,R
2026-07-13T02:51:06+02:00,3039800,34157896,34513592,R
2026-07-13T02:51:07+02:00,3039800,34157896,34513592,R
2026-07-13T02:51:08+02:00,3039800,34157896,34513592,R
2026-07-13T02:51:09+02:00,3039800,34157896,34513592,R
2026-07-13T02:51:10+02:00,3039800,34157896,34513592,R
2026-07-13T02:51:11+02:00,3039800,34157896,34513592,R
2026-07-13T02:51:12+02:00,3039800,34157896,34513592,R
2026-07-13T02:51:13+02:00,3039800,34157896,34513592,R
2026-07-13T02:51:14+02:00,3039800,34157896,34513592,R
2026-07-13T02:51:15+02:00,3039800,34157896,34513592,R
2026-07-13T02:51:16+02:00,3039800,34157896,34513592,R
2026-07-13T02:51:17+02:00,3039800,34157896,34513592,R
2026-07-13T02:51:18+02:00,3039800,34157896,34513592,R
2026-07-13T02:51:19+02:00,3039800,34157896,34513592,R
2026-07-13T02:51:20+02:00,3039800,34157896,34513592,R
2026-07-13T02:51:21+02:00,3039800,34157896,34513592,R
2026-07-13T02:51:22+02:00,3039800,34157896,34513592,R
2026-07-13T02:51:23+02:00,3039800,34157896,34513592,R
2026-07-13T02:51:24+02:00,3039800,34157896,34513592,R
2026-07-13T02:51:25+02:00,3039800,34157896,34513592,R
2026-07-13T02:51:26+02:00,3039800,34157896,34513592,R
2026-07-13T02:51:27+02:00,3039800,34157896,34513592,R
2026-07-13T02:51:28+02:00,3039800,34157896,34513592,R
2026-07-13T02:51:29+02:00,3039800,34157896,34513592,R
2026-07-13T02:51:30+02:00,3039800,34157896,34513592,R
2026-07-13T02:51:31+02:00,3039800,34157896,34513592,R
2026-07-13T02:51:32+02:00,3039800,34157896,34513592,R
2026-07-13T02:51:33+02:00,3039800,34157896,34513592,R
2026-07-13T02:51:34+02:00,3039800,34157896,34513592,R
2026-07-13T02:51:35+02:00,3039800,34157896,34513592,R
2026-07-13T02:51:36+02:00,3039800,34157896,34513592,R
2026-07-13T02:51:37+02:00,3039800,34157896,34513592,R
2026-07-13T02:51:38+02:00,3039800,34157896,34513592,R
2026-07-13T02:51:39+02:00,3039800,34157896,34513592,R
2026-07-13T02:51:40+02:00,3039800,34157896,34513592,R
2026-07-13T02:51:41+02:00,3039800,34157896,34513592,R
2026-07-13T02:51:42+02:00,3039800,34157896,34513592,R
2026-07-13T02:51:43+02:00,3039800,34157896,34513592,R
2026-07-13T02:51:44+02:00,3039800,34157896,34513592,R
2026-07-13T02:51:45+02:00,3039800,34157896,34513592,R
2026-07-13T02:51:46+02:00,3039800,34157896,34513592,R
2026-07-13T02:51:47+02:00,3039800,34157896,34513592,R
2026-07-13T02:51:48+02:00,3039800,34157896,34513592,R
2026-07-13T02:51:49+02:00,3039800,34157896,34513592,R
2026-07-13T02:51:50+02:00,3039800,34157896,34513592,R
2026-07-13T02:51:51+02:00,3039800,34157896,34513592,R
2026-07-13T02:51:52+02:00,3039800,34157896,34513592,R
2026-07-13T02:51:53+02:00,3039800,34157896,34513592,R
2026-07-13T02:51:54+02:00,3039800,34157896,34513592,R
2026-07-13T02:51:56+02:00,3039800,34157896,34513592,R
2026-07-13T02:51:57+02:00,3039800,34157896,34513592,R
2026-07-13T02:51:58+02:00,3039800,34157896,34513592,R
2026-07-13T02:51:59+02:00,3039800,34157896,34513592,R
2026-07-13T02:52:00+02:00,3039800,34157896,34513592,R
2026-07-13T02:52:01+02:00,3039800,34157896,34513592,R
2026-07-13T02:52:02+02:00,3039800,34157896,34513592,R
2026-07-13T02:52:03+02:00,3039800,34157896,34513592,R
2026-07-13T02:52:04+02:00,3039800,34157896,34513592,R
2026-07-13T02:52:05+02:00,3039800,34157896,34513592,R
2026-07-13T02:52:06+02:00,3039800,34157896,34513592,R
2026-07-13T02:52:07+02:00,3039800,34157896,34513592,R
2026-07-13T02:52:08+02:00,3039800,34157896,34513592,R
2026-07-13T02:52:09+02:00,3039800,34157896,34513592,R
2026-07-13T02:52:10+02:00,3039800,34157896,34513592,R
2026-07-13T02:52:11+02:00,3039800,34157896,34513592,R
2026-07-13T02:52:12+02:00,3039800,34157896,34513592,R
2026-07-13T02:52:13+02:00,3039800,34157896,34513592,R
2026-07-13T02:52:14+02:00,3039800,34157896,34513592,R
2026-07-13T02:52:15+02:00,3039800,34157896,34513592,R
2026-07-13T02:52:16+02:00,3039800,34157896,34513592,R
2026-07-13T02:52:17+02:00,3039800,34157896,34513592,R
2026-07-13T02:52:18+02:00,3039800,34157896,34513592,R
2026-07-13T02:52:19+02:00,3039800,34157896,34513592,R
2026-07-13T02:52:20+02:00,3039800,34157896,34513592,R
2026-07-13T02:52:21+02:00,3039800,34157896,34513592,R
2026-07-13T02:52:22+02:00,3039800,34157896,34513592,R
2026-07-13T02:52:23+02:00,3039800,34157896,34513592,R
2026-07-13T02:52:24+02:00,3039800,34157896,34513592,R
2026-07-13T02:52:25+02:00,3039800,34157896,34513592,R
2026-07-13T02:52:26+02:00,3039800,34157896,34513592,R
2026-07-13T02:52:27+02:00,3039800,34157896,34513592,R
2026-07-13T02:52:28+02:00,3039800,34157896,34513592,R
2026-07-13T02:52:29+02:00,3039800,34157896,34513592,R
2026-07-13T02:52:30+02:00,3039800,34157896,34513592,R
2026-07-13T02:52:31+02:00,3039800,34157896,34513592,R
2026-07-13T02:52:32+02:00,3039800,34157896,34513592,R
2026-07-13T02:52:33+02:00,3039800,34157896,34513592,R
2026-07-13T02:52:34+02:00,3039800,34157896,34513592,R
2026-07-13T02:52:35+02:00,3039800,34157896,34513592,R
2026-07-13T02:52:36+02:00,3039800,34157896,34513592,R
2026-07-13T02:52:37+02:00,3039800,34157896,34513592,R
2026-07-13T02:52:38+02:00,3039800,34157896,34513592,R
2026-07-13T02:52:39+02:00,3039800,32608304,33594036,R
2026-07-13T02:52:40+02:00,3039800,26993100,27348796,R
2026-07-13T02:52:41+02:00,3039800,17999968,18355664,R
2026-07-13T02:52:42+02:00,3039800,17999968,18355664,R
2026-07-13T02:52:43+02:00,3039800,17999968,18355664,R
2026-07-13T02:52:44+02:00,3039800,17999968,18355664,R
2026-07-13T02:52:45+02:00,3039800,17999968,18355664,R
2026-07-13T02:52:46+02:00,3039800,17999968,18355664,R
2026-07-13T02:52:47+02:00,3039800,17999968,18355664,R
2026-07-13T02:52:48+02:00,3039800,17999968,18355664,R
2026-07-13T02:52:49+02:00,3039800,17999968,18355664,R
2026-07-13T02:52:50+02:00,3039800,17999968,18355664,R
2026-07-13T02:52:52+02:00,3039800,17999968,18355664,R
2026-07-13T02:52:53+02:00,3039800,17999968,18355664,R
2026-07-13T02:52:54+02:00,3039800,17999968,18355664,R
2026-07-13T02:52:55+02:00,3039800,17999968,18355664,R
2026-07-13T02:52:56+02:00,3039800,17999968,18355664,R
2026-07-13T02:52:57+02:00,3039800,17999968,18355664,R
2026-07-13T02:52:58+02:00,3039800,17999968,18355664,R
2026-07-13T02:52:59+02:00,3039800,17999968,18355664,R
2026-07-13T02:53:00+02:00,3039800,17999968,18355664,R
2026-07-13T02:53:01+02:00,3039800,17999968,18355664,R
2026-07-13T02:53:02+02:00,3039800,17999968,18355664,R
2026-07-13T02:53:03+02:00,3039800,17999968,18355664,R
2026-07-13T02:53:04+02:00,3039800,17999968,18355664,R
2026-07-13T02:53:05+02:00,3039800,17999968,18355664,R
2026-07-13T02:53:06+02:00,3039800,17999968,18355664,R
2026-07-13T02:53:07+02:00,3039800,17999968,18355664,R
2026-07-13T02:53:08+02:00,3039800,17999968,18355664,R
2026-07-13T02:53:09+02:00,3039800,17999968,18355664,R
2026-07-13T02:53:10+02:00,3039800,17999968,18355664,R
2026-07-13T02:53:11+02:00,3039800,17999968,18355664,R
2026-07-13T02:53:12+02:00,3039800,17999968,18355664,R
2026-07-13T02:53:13+02:00,3039800,17999968,18355664,R
2026-07-13T02:53:14+02:00,3039800,17999968,18355664,R
2026-07-13T02:53:15+02:00,3039800,17999968,18355664,R
2026-07-13T02:53:16+02:00,3039800,17999968,18355664,R
2026-07-13T02:53:17+02:00,3039800,17999968,18355664,R
2026-07-13T02:53:18+02:00,3039800,17999968,18355664,R
2026-07-13T02:53:19+02:00,3039800,17999968,18355664,R
2026-07-13T02:53:20+02:00,3039800,17999968,18355664,R
2026-07-13T02:53:21+02:00,3039800,17999968,18355664,R
2026-07-13T02:53:22+02:00,3039800,17999968,18355664,R
2026-07-13T02:53:23+02:00,3039800,17999968,18355664,R
2026-07-13T02:53:24+02:00,3039800,17999968,18355664,R
2026-07-13T02:53:25+02:00,3039800,17999968,18355664,R
2026-07-13T02:53:26+02:00,3039800,17999968,18355664,R
2026-07-13T02:53:27+02:00,3039800,17644496,18000108,R
2026-07-13T02:53:28+02:00,3039800,17644496,18000108,R
2026-07-13T02:53:29+02:00,3039800,18971356,19998580,R
2026-07-13T02:53:30+02:00,3039800,19642708,19998580,R
2026-07-13T02:53:31+02:00,3039800,19783684,20997816,R
2026-07-13T02:53:32+02:00,3039800,21709300,22996288,R
2026-07-13T02:53:33+02:00,3039800,22817308,23995524,R
2026-07-13T02:53:34+02:00,3039800,24388108,25993996,R
2026-07-13T02:53:35+02:00,3039800,25473148,26493616,R
2026-07-13T02:53:36+02:00,3039800,25473148,26493616,R
2026-07-13T02:53:37+02:00,3039800,25473148,26493616,R
2026-07-13T02:53:38+02:00,3039800,25473148,26493616,R
2026-07-13T02:53:39+02:00,3039800,20142588,20498200,R
2026-07-13T02:53:40+02:00,3039800,20142588,20498200,R
2026-07-13T02:53:41+02:00,3039800,20142588,20498200,R
2026-07-13T02:53:42+02:00,3039800,20142588,20498200,R
2026-07-13T02:53:43+02:00,3039800,20142588,20498200,R
2026-07-13T02:53:44+02:00,3039800,20142588,20498200,R
2026-07-13T02:53:46+02:00,3039800,20142588,20498200,R
2026-07-13T02:53:47+02:00,3039800,20142588,20498200,R
2026-07-13T02:53:48+02:00,3039800,20142588,20498200,R
2026-07-13T02:53:49+02:00,3039800,20142588,20498200,R
2026-07-13T02:53:50+02:00,3039800,20142588,20498200,R
2026-07-13T02:53:51+02:00,3039800,20142588,20498200,R
2026-07-13T02:53:52+02:00,3039800,20142588,20498200,R
2026-07-13T02:53:53+02:00,3039800,20142588,20498200,R
2026-07-13T02:53:54+02:00,3039800,20142588,20498200,R
2026-07-13T02:53:55+02:00,3039800,20142588,20498200,R
2026-07-13T02:53:56+02:00,3039800,20142588,20498200,R
2026-07-13T02:53:57+02:00,3039800,20142588,20498200,R
2026-07-13T02:53:58+02:00,3039800,20142588,20498200,R
2026-07-13T02:53:59+02:00,3039800,20142588,20498200,R
2026-07-13T02:54:00+02:00,3039800,20142588,20498200,R
2026-07-13T02:54:01+02:00,3039800,20142588,20498200,R
2026-07-13T02:54:02+02:00,3039800,20142588,20498200,R
2026-07-13T02:54:03+02:00,3039800,20142588,20498200,R
2026-07-13T02:54:04+02:00,3039800,20142588,20498200,R
2026-07-13T02:54:05+02:00,3039800,20142588,20498200,R
2026-07-13T02:54:06+02:00,3039800,20142588,20498200,R
2026-07-13T02:54:07+02:00,3039800,20142588,20498200,R
2026-07-13T02:54:08+02:00,3039800,20142588,20498200,R
2026-07-13T02:54:09+02:00,3039800,20142588,20498200,R
2026-07-13T02:54:10+02:00,3039800,20142588,20498200,R
2026-07-13T02:54:11+02:00,3039800,20142588,20498200,R
2026-07-13T02:54:12+02:00,3039800,20142588,20498200,R
2026-07-13T02:54:13+02:00,3039800,20142588,20498200,R
2026-07-13T02:54:14+02:00,3039800,20142588,20498200,R
2026-07-13T02:54:15+02:00,3039800,20142588,20498200,R
2026-07-13T02:54:16+02:00,3039800,20142588,20498200,R
2026-07-13T02:54:17+02:00,3039800,20142588,20498200,R
2026-07-13T02:54:18+02:00,3039800,20142588,20498200,R
2026-07-13T02:54:19+02:00,3039800,20142588,20498200,R
2026-07-13T02:54:20+02:00,3039800,20142588,20498200,R
2026-07-13T02:54:21+02:00,3039800,20142588,20498200,R
2026-07-13T02:54:22+02:00,3039800,20142588,20498200,R
2026-07-13T02:54:23+02:00,3039800,20142588,20498200,R
2026-07-13T02:54:24+02:00,3039800,20142588,20498200,R
2026-07-13T02:54:25+02:00,3039800,20142588,20498200,R
2026-07-13T02:54:26+02:00,3039800,20142588,20498200,R
2026-07-13T02:54:27+02:00,3039800,20142588,20498200,R
2026-07-13T02:54:28+02:00,3039800,20142588,20498200,R
2026-07-13T02:54:29+02:00,3039800,20142588,20498200,R
2026-07-13T02:54:30+02:00,3039800,20142588,20498200,R
2026-07-13T02:54:31+02:00,3039800,20142588,20498200,R
2026-07-13T02:54:32+02:00,3039800,20142588,20498200,R
2026-07-13T02:54:33+02:00,3039800,20142588,20498200,R
2026-07-13T02:54:34+02:00,3039800,20142588,20498200,R
2026-07-13T02:54:35+02:00,3039800,20142588,20498200,R
2026-07-13T02:54:36+02:00,3039800,20142588,20498200,R
2026-07-13T02:54:38+02:00,3039800,20142588,20498200,R
2026-07-13T02:54:39+02:00,3039800,20142588,20498200,R
2026-07-13T02:54:40+02:00,3039800,20142588,20498200,R
2026-07-13T02:54:41+02:00,3039800,20142588,20498200,R
2026-07-13T02:54:42+02:00,3039800,20142588,20498200,R
2026-07-13T02:54:43+02:00,3039800,20142588,20498200,R
2026-07-13T02:54:44+02:00,3039800,20142588,20498200,R
2026-07-13T02:54:45+02:00,3039800,20142588,20498200,R
2026-07-13T02:54:46+02:00,3039800,20142588,20498200,R
2026-07-13T02:54:47+02:00,3039800,20142588,20498200,R
2026-07-13T02:54:48+02:00,3039800,20142588,20498200,R
2026-07-13T02:54:49+02:00,3039800,20142588,20498200,R
2026-07-13T02:54:50+02:00,3039800,20142588,20498200,R
2026-07-13T02:54:51+02:00,3039800,20142588,20498200,R
2026-07-13T02:54:52+02:00,3039800,20142588,20498200,R
2026-07-13T02:54:53+02:00,3039800,20142588,20498200,R
2026-07-13T02:54:54+02:00,3039800,20142588,20498200,R
2026-07-13T02:54:55+02:00,3039800,20142588,20498200,R
2026-07-13T02:54:56+02:00,3039800,20142588,20498200,R
2026-07-13T02:54:57+02:00,3039800,20142588,20498200,R
2026-07-13T02:54:58+02:00,3039800,20142588,20498200,R
2026-07-13T02:54:59+02:00,3039800,20142588,20498200,R
2026-07-13T02:55:00+02:00,3039800,20142588,20498200,R
2026-07-13T02:55:01+02:00,3039800,20142588,20498200,R
2026-07-13T02:55:02+02:00,3039800,20142588,20498200,R
2026-07-13T02:55:03+02:00,3039800,20142588,20498200,R
2026-07-13T02:55:04+02:00,3039800,20142588,20498200,R
2026-07-13T02:55:05+02:00,3039800,20142588,20498200,R
2026-07-13T02:55:06+02:00,3039800,20142588,20498200,R
2026-07-13T02:55:07+02:00,3039800,20142588,20498200,R
2026-07-13T02:55:08+02:00,3039800,20142588,20498200,R
2026-07-13T02:55:09+02:00,3039800,20142588,20498200,R
2026-07-13T02:55:10+02:00,3039800,20142588,20498200,R
2026-07-13T02:55:11+02:00,3039800,20142588,20498200,R
2026-07-13T02:55:12+02:00,3039800,20142588,20498200,R
2026-07-13T02:55:13+02:00,3039800,20142588,20498200,R
2026-07-13T02:55:14+02:00,3039800,20142588,20498200,R
2026-07-13T02:55:15+02:00,3039800,20142588,20498200,R
2026-07-13T02:55:16+02:00,3039800,20142588,20498200,R
2026-07-13T02:55:17+02:00,3039800,20142588,20498200,R
2026-07-13T02:55:18+02:00,3039800,20142588,20498200,R
2026-07-13T02:55:19+02:00,3039800,20142588,20498200,R
2026-07-13T02:55:20+02:00,3039800,20142588,20498200,R
2026-07-13T02:55:21+02:00,3039800,20142588,20498200,R
2026-07-13T02:55:22+02:00,3039800,20142588,20498200,R
2026-07-13T02:55:23+02:00,3039800,20142588,20498200,R
2026-07-13T02:55:24+02:00,3039800,20142588,20498200,R
2026-07-13T02:55:25+02:00,3039800,20142588,20498200,R
2026-07-13T02:55:26+02:00,3039800,20142588,20498200,R
2026-07-13T02:55:27+02:00,3039800,20142588,20498200,R
2026-07-13T02:55:28+02:00,3039800,20142588,20498200,R
2026-07-13T02:55:30+02:00,3039800,20142588,20498200,R
2026-07-13T02:55:31+02:00,3039800,20142588,20498200,R
2026-07-13T02:55:32+02:00,3039800,20142588,20498200,R
2026-07-13T02:55:33+02:00,3039800,20142588,20498200,R
2026-07-13T02:55:34+02:00,3039800,20142588,20498200,R
2026-07-13T02:55:35+02:00,3039800,20142588,20498200,R
2026-07-13T02:55:36+02:00,3039800,20142588,20498200,R
2026-07-13T02:55:37+02:00,3039800,20142588,20498200,R
2026-07-13T02:55:38+02:00,3039800,20142588,20498200,R
2026-07-13T02:55:39+02:00,3039800,20142588,20498200,R
2026-07-13T02:55:40+02:00,3039800,20142588,20498200,R
2026-07-13T02:55:41+02:00,3039800,20142588,20498200,R
2026-07-13T02:55:42+02:00,3039800,20142588,20498200,R
2026-07-13T02:55:43+02:00,3039800,20142588,20498200,R
2026-07-13T02:55:44+02:00,3039800,20142588,20498200,R
2026-07-13T02:55:45+02:00,3039800,20142588,20498200,R
2026-07-13T02:55:46+02:00,3039800,20142588,20498200,R
2026-07-13T02:55:47+02:00,3039800,20142588,20498200,R
2026-07-13T02:55:48+02:00,3039800,20142588,20498200,R
2026-07-13T02:55:49+02:00,3039800,20142588,20498200,R
2026-07-13T02:55:50+02:00,3039800,20142588,20498200,R
2026-07-13T02:55:51+02:00,3039800,20142588,20498200,R
2026-07-13T02:55:52+02:00,3039800,20142588,20498200,R
2026-07-13T02:55:53+02:00,3039800,20142588,20498200,R
2026-07-13T02:55:54+02:00,3039800,20142588,20498200,R
2026-07-13T02:55:55+02:00,3039800,20142588,20498200,R
2026-07-13T02:55:56+02:00,3039800,20142588,20498200,R
2026-07-13T02:55:57+02:00,3039800,20142588,20498200,R
2026-07-13T02:55:58+02:00,3039800,20142588,20498200,R
2026-07-13T02:55:59+02:00,3039800,20142588,20498200,R
2026-07-13T02:56:00+02:00,3039800,20142588,20498200,R
2026-07-13T02:56:01+02:00,3039800,20142588,20498200,R
2026-07-13T02:56:02+02:00,3039800,20142588,20498200,R
2026-07-13T02:56:03+02:00,3039800,20142588,20498200,R
2026-07-13T02:56:04+02:00,3039800,20142588,20498200,R
2026-07-13T02:56:05+02:00,3039800,20142588,20498200,R
2026-07-13T02:56:06+02:00,3039800,20142588,20498200,R
2026-07-13T02:56:07+02:00,3039800,20142588,20498200,R
2026-07-13T02:56:08+02:00,3039800,20142588,20498200,R
2026-07-13T02:56:09+02:00,3039800,20142588,20498200,R
2026-07-13T02:56:10+02:00,3039800,20142588,20498200,R
2026-07-13T02:56:11+02:00,3039800,20142588,20498200,R
2026-07-13T02:56:12+02:00,3039800,20142588,20498200,R
2026-07-13T02:56:13+02:00,3039800,20142588,20498200,R
2026-07-13T02:56:14+02:00,3039800,20142588,20498200,R
2026-07-13T02:56:15+02:00,3039800,20142588,20498200,R
2026-07-13T02:56:16+02:00,3039800,20142588,20498200,R
2026-07-13T02:56:17+02:00,3039800,20142588,20498200,R
2026-07-13T02:56:18+02:00,3039800,20142588,20498200,R
2026-07-13T02:56:19+02:00,3039800,20142588,20498200,R
2026-07-13T02:56:20+02:00,3039800,20142588,20498200,R
2026-07-13T02:56:22+02:00,3039800,20142588,20498200,R
2026-07-13T02:56:23+02:00,3039800,20142588,20498200,R
2026-07-13T02:56:24+02:00,3039800,20142588,20498200,R
2026-07-13T02:56:25+02:00,3039800,20142588,20498200,R
2026-07-13T02:56:26+02:00,3039800,20142588,20498200,R
2026-07-13T02:56:27+02:00,3039800,20142588,20498200,R
2026-07-13T02:56:28+02:00,3039800,20142588,20498200,R
2026-07-13T02:56:29+02:00,3039800,20142588,20498200,R
2026-07-13T02:56:30+02:00,3039800,20142588,20498200,R
2026-07-13T02:56:31+02:00,3039800,20142588,20498200,R
2026-07-13T02:56:32+02:00,3039800,20142588,20498200,R
2026-07-13T02:56:33+02:00,3039800,20142588,20498200,R
2026-07-13T02:56:34+02:00,3039800,20142588,20498200,R
2026-07-13T02:56:35+02:00,3039800,20142588,20498200,R
2026-07-13T02:56:36+02:00,3039800,20142588,20498200,R
2026-07-13T02:56:37+02:00,3039800,20142588,20498200,R
2026-07-13T02:56:38+02:00,3039800,20142588,20498200,R
2026-07-13T02:56:39+02:00,3039800,20142588,20498200,R
2026-07-13T02:56:40+02:00,3039800,20142588,20498200,R
2026-07-13T02:56:41+02:00,3039800,20142588,20498200,R
2026-07-13T02:56:42+02:00,3039800,20142588,20498200,R
2026-07-13T02:56:43+02:00,3039800,20142588,20498200,R
2026-07-13T02:56:44+02:00,3039800,20142588,20498200,R
2026-07-13T02:56:45+02:00,3039800,20142588,20498200,R
2026-07-13T02:56:46+02:00,3039800,20142588,20498200,R
2026-07-13T02:56:47+02:00,3039800,20142588,20498200,R
2026-07-13T02:56:48+02:00,3039800,20142588,20498200,R
2026-07-13T02:56:49+02:00,3039800,20142588,20498200,R
2026-07-13T02:56:50+02:00,3039800,20142588,20498200,R
2026-07-13T02:56:51+02:00,3039800,20142588,20498200,R
2026-07-13T02:56:52+02:00,3039800,20142588,20498200,R
2026-07-13T02:56:53+02:00,3039800,20142588,20498200,R
2026-07-13T02:56:54+02:00,3039800,20142588,20498200,R
2026-07-13T02:56:55+02:00,3039800,20142588,20498200,R
2026-07-13T02:56:56+02:00,3039800,20142588,20498200,R
2026-07-13T02:56:57+02:00,3039800,20142588,20498200,R
2026-07-13T02:56:58+02:00,3039800,20142588,20498200,R
2026-07-13T02:56:59+02:00,3039800,20142588,20498200,R
2026-07-13T02:57:00+02:00,3039800,20142588,20498200,R
2026-07-13T02:57:01+02:00,3039800,20142588,20498200,R
2026-07-13T02:57:02+02:00,3039800,20142588,20498200,R
2026-07-13T02:57:03+02:00,3039800,20142588,20498200,R
2026-07-13T02:57:04+02:00,3039800,20142588,20498200,R
2026-07-13T02:57:05+02:00,3039800,20142588,20498200,R
2026-07-13T02:57:06+02:00,3039800,20142588,20498200,R
2026-07-13T02:57:07+02:00,3039800,20142588,20498200,R
2026-07-13T02:57:08+02:00,3039800,20142588,20498200,R
2026-07-13T02:57:09+02:00,3039800,20142588,20498200,R
2026-07-13T02:57:10+02:00,3039800,20142588,20498200,R
2026-07-13T02:57:11+02:00,3039800,20142588,20498200,R
2026-07-13T02:57:12+02:00,3039800,20142588,20498200,R
2026-07-13T02:57:14+02:00,3039800,20142588,20498200,R
2026-07-13T02:57:15+02:00,3039800,20142588,20498200,R
2026-07-13T02:57:16+02:00,3039800,20142588,20498200,R
2026-07-13T02:57:17+02:00,3039800,20142588,20498200,R
2026-07-13T02:57:18+02:00,3039800,20142588,20498200,R
2026-07-13T02:57:19+02:00,3039800,20142588,20498200,R
2026-07-13T02:57:20+02:00,3039800,20142588,20498200,R
2026-07-13T02:57:21+02:00,3039800,20142588,20498200,R
2026-07-13T02:57:22+02:00,3039800,20142588,20498200,R
2026-07-13T02:57:23+02:00,3039800,20142588,20498200,R
2026-07-13T02:57:24+02:00,3039800,20142588,20498200,R
2026-07-13T02:57:25+02:00,3039800,20142588,20498200,R
2026-07-13T02:57:26+02:00,3039800,20142588,20498200,R
2026-07-13T02:57:27+02:00,3039800,20142588,20498200,R
2026-07-13T02:57:28+02:00,3039800,20142588,20498200,R
2026-07-13T02:57:29+02:00,3039800,20142588,20498200,R
2026-07-13T02:57:30+02:00,3039800,20142588,20498200,R
2026-07-13T02:57:31+02:00,3039800,20142588,20498200,R
2026-07-13T02:57:32+02:00,3039800,20142588,20498200,R
2026-07-13T02:57:33+02:00,3039800,20142588,20498200,R
2026-07-13T02:57:34+02:00,3039800,20142588,20498200,R
2026-07-13T02:57:35+02:00,3039800,20142588,20498200,R
2026-07-13T02:57:36+02:00,3039800,20142588,20498200,R
2026-07-13T02:57:37+02:00,3039800,20142588,20498200,R
2026-07-13T02:57:38+02:00,3039800,20142588,20498200,R
2026-07-13T02:57:39+02:00,3039800,20142588,20498200,R
2026-07-13T02:57:40+02:00,3039800,20142588,20498200,R
2026-07-13T02:57:41+02:00,3039800,20142588,20498200,R
2026-07-13T02:57:42+02:00,3039800,20142588,20498200,R
2026-07-13T02:57:43+02:00,3039800,20142588,20498200,R
2026-07-13T02:57:44+02:00,3039800,20142588,20498200,R
2026-07-13T02:57:45+02:00,3039800,20142588,20498200,R
2026-07-13T02:57:46+02:00,3039800,20142588,20498200,R
2026-07-13T02:57:47+02:00,3039800,20142588,20498200,R
2026-07-13T02:57:48+02:00,3039800,20142588,20498200,R
2026-07-13T02:57:49+02:00,3039800,20142588,20498200,R
2026-07-13T02:57:50+02:00,3039800,20142588,20498200,R
2026-07-13T02:57:51+02:00,3039800,20142588,20498200,R
2026-07-13T02:57:52+02:00,3039800,20142588,20498200,R
2026-07-13T02:57:53+02:00,3039800,20142588,20498200,R
2026-07-13T02:57:54+02:00,3039800,20142588,20498200,R
2026-07-13T02:57:55+02:00,3039800,20142588,20498200,R
2026-07-13T02:57:56+02:00,3039800,20142588,20498200,R
2026-07-13T02:57:57+02:00,3039800,20142588,20498200,R
2026-07-13T02:57:58+02:00,3039800,20142588,20498200,R
2026-07-13T02:57:59+02:00,3039800,20142588,20498200,R
2026-07-13T02:58:00+02:00,3039800,20142588,20498200,R
2026-07-13T02:58:01+02:00,3039800,20142588,20498200,R
2026-07-13T02:58:02+02:00,3039800,20142588,20498200,R
2026-07-13T02:58:03+02:00,3039800,20142588,20498200,R
2026-07-13T02:58:04+02:00,3039800,20142588,20498200,R
2026-07-13T02:58:06+02:00,3039800,20142588,20498200,R
2026-07-13T02:58:07+02:00,3039800,20142588,20498200,R
2026-07-13T02:58:08+02:00,3039800,20142588,20498200,R
2026-07-13T02:58:09+02:00,3039800,20142588,20498200,R
2026-07-13T02:58:10+02:00,3039800,20142588,20498200,R
2026-07-13T02:58:11+02:00,3039800,20142588,20498200,R
2026-07-13T02:58:12+02:00,3039800,20142588,20498200,R
2026-07-13T02:58:13+02:00,3039800,20142588,20498200,R
2026-07-13T02:58:14+02:00,3039800,20142588,20498200,R
2026-07-13T02:58:15+02:00,3039800,20142588,20498200,R
2026-07-13T02:58:16+02:00,3039800,20142588,20498200,R
2026-07-13T02:58:17+02:00,3039800,20142588,20498200,R
2026-07-13T02:58:18+02:00,3039800,20142588,20498200,R
2026-07-13T02:58:19+02:00,3039800,20142588,20498200,R
2026-07-13T02:58:20+02:00,3039800,20142588,20498200,R
2026-07-13T02:58:21+02:00,3039800,20142588,20498200,R
2026-07-13T02:58:22+02:00,3039800,20142588,20498200,R
2026-07-13T02:58:23+02:00,3039800,20142588,20498200,R
2026-07-13T02:58:24+02:00,3039800,20142588,20498200,R
2026-07-13T02:58:25+02:00,3039800,20142588,20498200,R
2026-07-13T02:58:26+02:00,3039800,20142588,20498200,R
2026-07-13T02:58:27+02:00,3039800,20142588,20498200,R
2026-07-13T02:58:28+02:00,3039800,20142588,20498200,R
2026-07-13T02:58:29+02:00,3039800,20142588,20498200,R
2026-07-13T02:58:30+02:00,3039800,20142588,20498200,R
2026-07-13T02:58:31+02:00,3039800,20142588,20498200,R
2026-07-13T02:58:32+02:00,3039800,20142588,20498200,R
2026-07-13T02:58:33+02:00,3039800,20142588,20498200,R
2026-07-13T02:58:34+02:00,3039800,20142588,20498200,R
2026-07-13T02:58:35+02:00,3039800,20142588,20498200,R
2026-07-13T02:58:36+02:00,3039800,20142588,20498200,R
2026-07-13T02:58:37+02:00,3039800,20142588,20498200,R
2026-07-13T02:58:38+02:00,3039800,20142588,20498200,R
2026-07-13T02:58:39+02:00,3039800,20142588,20498200,R
2026-07-13T02:58:40+02:00,3039800,20142588,20498200,R
2026-07-13T02:58:41+02:00,3039800,20142588,20498200,R
2026-07-13T02:58:42+02:00,3039800,20142588,20498200,R
2026-07-13T02:58:43+02:00,3039800,20142588,20498200,R
2026-07-13T02:58:44+02:00,3039800,20142588,20498200,R
2026-07-13T02:58:45+02:00,3039800,20142588,20498200,R
2026-07-13T02:58:46+02:00,3039800,20142588,20498200,R
2026-07-13T02:58:47+02:00,3039800,20142588,20498200,R
2026-07-13T02:58:48+02:00,3039800,20142588,20498200,R
2026-07-13T02:58:49+02:00,3039800,20142588,20498200,R
2026-07-13T02:58:50+02:00,3039800,20142588,20498200,R
2026-07-13T02:58:51+02:00,3039800,20142588,20498200,R
2026-07-13T02:58:52+02:00,3039800,20142588,20498200,R
2026-07-13T02:58:53+02:00,3039800,20142588,20498200,R
2026-07-13T02:58:54+02:00,3039800,20142588,20498200,R
2026-07-13T02:58:55+02:00,3039800,20142588,20498200,R
2026-07-13T02:58:56+02:00,3039800,20142588,20498200,R
2026-07-13T02:58:57+02:00,3039800,20142588,20498200,R
2026-07-13T02:58:59+02:00,3039800,20142588,20498200,R
2026-07-13T02:59:00+02:00,3039800,20142588,20498200,R
2026-07-13T02:59:01+02:00,3039800,20142588,20498200,R
2026-07-13T02:59:02+02:00,3039800,20142588,20498200,R
2026-07-13T02:59:03+02:00,3039800,20142588,20498200,R
2026-07-13T02:59:04+02:00,3039800,20142588,20498200,R
2026-07-13T02:59:05+02:00,3039800,20142588,20498200,R
2026-07-13T02:59:06+02:00,3039800,20142588,20498200,R
2026-07-13T02:59:07+02:00,3039800,20142588,20498200,R
2026-07-13T02:59:08+02:00,3039800,20142588,20498200,R
2026-07-13T02:59:09+02:00,3039800,20142588,20498200,R
2026-07-13T02:59:10+02:00,3039800,20142588,20498200,R
2026-07-13T02:59:11+02:00,3039800,20142588,20498200,R
2026-07-13T02:59:12+02:00,3039800,20142588,20498200,R
2026-07-13T02:59:13+02:00,3039800,20142588,20498200,R
2026-07-13T02:59:14+02:00,3039800,20142588,20498200,R
2026-07-13T02:59:15+02:00,3039800,20142588,20498200,R
2026-07-13T02:59:16+02:00,3039800,20142588,20498200,R
2026-07-13T02:59:17+02:00,3039800,20142588,20498200,R
2026-07-13T02:59:18+02:00,3039800,20142588,20498200,R
2026-07-13T02:59:19+02:00,3039800,20142588,20498200,R
2026-07-13T02:59:20+02:00,3039800,20142588,20498200,R
2026-07-13T02:59:21+02:00,3039800,20142588,20498200,R
2026-07-13T02:59:22+02:00,3039800,20142588,20498200,R
2026-07-13T02:59:23+02:00,3039800,20142588,20498200,R
2026-07-13T02:59:24+02:00,3039800,20142588,20498200,R
2026-07-13T02:59:25+02:00,3039800,20142588,20498200,R
2026-07-13T02:59:26+02:00,3039800,20142588,20498200,R
2026-07-13T02:59:27+02:00,3039800,20142588,20498200,R
2026-07-13T02:59:28+02:00,3039800,20142588,20498200,R
2026-07-13T02:59:29+02:00,3039800,20142588,20498200,R
2026-07-13T02:59:30+02:00,3039800,20142588,20498200,R
2026-07-13T02:59:31+02:00,3039800,20142588,20498200,R
2026-07-13T02:59:32+02:00,3039800,20142588,20498200,R
2026-07-13T02:59:33+02:00,3039800,20142588,20498200,R
2026-07-13T02:59:34+02:00,3039800,20142588,20498200,R
2026-07-13T02:59:35+02:00,3039800,20142588,20498200,R
2026-07-13T02:59:36+02:00,3039800,20142588,20498200,R
2026-07-13T02:59:37+02:00,3039800,20142588,20498200,R
2026-07-13T02:59:38+02:00,3039800,20142588,20498200,R
2026-07-13T02:59:39+02:00,3039800,20142588,20498200,R
2026-07-13T02:59:40+02:00,3039800,20142588,20498200,R
2026-07-13T02:59:41+02:00,3039800,20142588,20498200,R
2026-07-13T02:59:42+02:00,3039800,20142588,20498200,R
2026-07-13T02:59:43+02:00,3039800,20142588,20498200,R
2026-07-13T02:59:44+02:00,3039800,20142588,20498200,R
2026-07-13T02:59:45+02:00,3039800,20142588,20498200,R
2026-07-13T02:59:46+02:00,3039800,20142588,20498200,R
2026-07-13T02:59:47+02:00,3039800,20142588,20498200,R
2026-07-13T02:59:48+02:00,3039800,20142588,20498200,R
2026-07-13T02:59:49+02:00,3039800,20142588,20498200,R
2026-07-13T02:59:51+02:00,3039800,20142588,20498200,R
2026-07-13T02:59:52+02:00,3039800,20142588,20498200,R
2026-07-13T02:59:53+02:00,3039800,20142588,20498200,R
2026-07-13T02:59:54+02:00,3039800,20142588,20498200,R
2026-07-13T02:59:55+02:00,3039800,20142588,20498200,R
2026-07-13T02:59:56+02:00,3039800,20142588,20498200,R
2026-07-13T02:59:57+02:00,3039800,20142588,20498200,R
2026-07-13T02:59:58+02:00,3039800,20142588,20498200,R
2026-07-13T02:59:59+02:00,3039800,20142588,20498200,R
2026-07-13T03:00:00+02:00,3039800,20142588,20498200,R
2026-07-13T03:00:01+02:00,3039800,20142588,20498200,R
2026-07-13T03:00:02+02:00,3039800,20142588,20498200,R
2026-07-13T03:00:03+02:00,3039800,20142588,20498200,R
2026-07-13T03:00:04+02:00,3039800,20142588,20498200,R
2026-07-13T03:00:05+02:00,3039800,20142588,20498200,R
2026-07-13T03:00:06+02:00,3039800,20142588,20498200,R
2026-07-13T03:00:07+02:00,3039800,20142588,20498200,R
2026-07-13T03:00:08+02:00,3039800,20142588,20498200,R
2026-07-13T03:00:09+02:00,3039800,20142588,20498200,R
2026-07-13T03:00:10+02:00,3039800,20142588,20498200,R
2026-07-13T03:00:11+02:00,3039800,20142588,20498200,R
2026-07-13T03:00:12+02:00,3039800,20142588,20498200,R
2026-07-13T03:00:13+02:00,3039800,20142588,20498200,R
2026-07-13T03:00:14+02:00,3039800,20142588,20498200,R
2026-07-13T03:00:15+02:00,3039800,20142588,20498200,R
2026-07-13T03:00:16+02:00,3039800,20142588,20498200,R
2026-07-13T03:00:17+02:00,3039800,20142588,20498200,R
2026-07-13T03:00:18+02:00,3039800,20142588,20498200,R
2026-07-13T03:00:19+02:00,3039800,20142588,20498200,R
2026-07-13T03:00:20+02:00,3039800,20142588,20498200,R
2026-07-13T03:00:21+02:00,3039800,20142588,20498200,R
2026-07-13T03:00:22+02:00,3039800,20142588,20498200,R
2026-07-13T03:00:23+02:00,3039800,20142588,20498200,R
2026-07-13T03:00:24+02:00,3039800,20142588,20498200,R
2026-07-13T03:00:25+02:00,3039800,20142588,20498200,R
2026-07-13T03:00:26+02:00,3039800,20142588,20498200,R
2026-07-13T03:00:27+02:00,3039800,20142588,20498200,R
2026-07-13T03:00:28+02:00,3039800,20142588,20498200,R
2026-07-13T03:00:29+02:00,3039800,20142588,20498200,R
2026-07-13T03:00:30+02:00,3039800,20142588,20498200,R
2026-07-13T03:00:31+02:00,3039800,20142588,20498200,R
2026-07-13T03:00:32+02:00,3039800,20142588,20498200,R
2026-07-13T03:00:33+02:00,3039800,20142588,20498200,R
2026-07-13T03:00:34+02:00,3039800,20142588,20498200,R
2026-07-13T03:00:35+02:00,3039800,20142588,20498200,R
2026-07-13T03:00:36+02:00,3039800,20142588,20498200,R
2026-07-13T03:00:37+02:00,3039800,20142588,20498200,R
2026-07-13T03:00:38+02:00,3039800,20142588,20498200,R
2026-07-13T03:00:39+02:00,3039800,20142588,20498200,R
2026-07-13T03:00:40+02:00,3039800,20142588,20498200,R
2026-07-13T03:00:41+02:00,3039800,20142588,20498200,R
2026-07-13T03:00:42+02:00,3039800,20142588,20498200,R
2026-07-13T03:00:44+02:00,3039800,20142588,20498200,R
2026-07-13T03:00:45+02:00,3039800,20142588,20498200,R
2026-07-13T03:00:46+02:00,3039800,20142588,20498200,R
2026-07-13T03:00:47+02:00,3039800,20142588,20498200,R
2026-07-13T03:00:48+02:00,3039800,20142588,20498200,R
2026-07-13T03:00:49+02:00,3039800,20142588,20498200,R
2026-07-13T03:00:50+02:00,3039800,20142588,20498200,R
2026-07-13T03:00:51+02:00,3039800,20142588,20498200,R
2026-07-13T03:00:52+02:00,3039800,20142588,20498200,R
2026-07-13T03:00:53+02:00,3039800,20142588,20498200,R
2026-07-13T03:00:54+02:00,3039800,20142588,20498200,R
2026-07-13T03:00:55+02:00,3039800,20142588,20498200,R
2026-07-13T03:00:56+02:00,3039800,20142588,20498200,R
2026-07-13T03:00:57+02:00,3039800,20142588,20498200,R
2026-07-13T03:00:58+02:00,3039800,20142588,20498200,R
2026-07-13T03:00:59+02:00,3039800,20142588,20498200,R
2026-07-13T03:01:00+02:00,3039800,20142588,20498200,R
2026-07-13T03:01:01+02:00,3039800,20142588,20498200,R
2026-07-13T03:01:02+02:00,3039800,20142588,20498200,R
2026-07-13T03:01:03+02:00,3039800,20142588,20498200,R
2026-07-13T03:01:04+02:00,3039800,20142588,20498200,R
2026-07-13T03:01:05+02:00,3039800,20142588,20498200,R
2026-07-13T03:01:06+02:00,3039800,20142588,20498200,R
2026-07-13T03:01:07+02:00,3039800,20142588,20498200,R
2026-07-13T03:01:08+02:00,3039800,20142588,20498200,R
2026-07-13T03:01:09+02:00,3039800,20142588,20498200,R
2026-07-13T03:01:10+02:00,3039800,20142588,20498200,R
2026-07-13T03:01:11+02:00,3039800,20142588,20498200,R
2026-07-13T03:01:12+02:00,3039800,20142588,20498200,R
2026-07-13T03:01:13+02:00,3039800,20142588,20498200,R
2026-07-13T03:01:14+02:00,3039800,20142588,20498200,R
2026-07-13T03:01:15+02:00,3039800,20142588,20498200,R
2026-07-13T03:01:16+02:00,3039800,20142588,20498200,R
2026-07-13T03:01:17+02:00,3039800,20142588,20498200,R
2026-07-13T03:01:18+02:00,3039800,20142588,20498200,R
2026-07-13T03:01:19+02:00,3039800,20142588,20498200,R
2026-07-13T03:01:20+02:00,3039800,20142588,20498200,R
2026-07-13T03:01:21+02:00,3039800,20142588,20498200,R
2026-07-13T03:01:22+02:00,3039800,20142588,20498200,R
2026-07-13T03:01:23+02:00,3039800,20142588,20498200,R
2026-07-13T03:01:24+02:00,3039800,20142588,20498200,R
2026-07-13T03:01:25+02:00,3039800,20142588,20498200,R
2026-07-13T03:01:26+02:00,3039800,20142588,20498200,R
2026-07-13T03:01:27+02:00,3039800,20142588,20498200,R
2026-07-13T03:01:28+02:00,3039800,20142588,20498200,R
2026-07-13T03:01:29+02:00,3039800,20142588,20498200,R
2026-07-13T03:01:30+02:00,3039800,20142588,20498200,R
2026-07-13T03:01:31+02:00,3039800,20142588,20498200,R
2026-07-13T03:01:32+02:00,3039800,20142588,20498200,R
2026-07-13T03:01:33+02:00,3039800,20142588,20498200,R
2026-07-13T03:01:34+02:00,3039800,20142588,20498200,R
2026-07-13T03:01:36+02:00,3039800,20142588,20498200,R
2026-07-13T03:01:37+02:00,3039800,20142588,20498200,R
2026-07-13T03:01:38+02:00,3039800,20142588,20498200,R
2026-07-13T03:01:39+02:00,3039800,20142588,20498200,R
2026-07-13T03:01:40+02:00,3039800,20142588,20498200,R
2026-07-13T03:01:41+02:00,3039800,20142588,20498200,R
2026-07-13T03:01:42+02:00,3039800,20142588,20498200,R
2026-07-13T03:01:43+02:00,3039800,20142588,20498200,R
2026-07-13T03:01:44+02:00,3039800,20142588,20498200,R
2026-07-13T03:01:45+02:00,3039800,20142588,20498200,R
2026-07-13T03:01:46+02:00,3039800,20142588,20498200,R
2026-07-13T03:01:47+02:00,3039800,20142588,20498200,R
2026-07-13T03:01:48+02:00,3039800,20142588,20498200,R
2026-07-13T03:01:49+02:00,3039800,20142588,20498200,R
2026-07-13T03:01:50+02:00,3039800,20142588,20498200,R
2026-07-13T03:01:51+02:00,3039800,20142588,20498200,R
2026-07-13T03:01:52+02:00,3039800,20142588,20498200,R
2026-07-13T03:01:53+02:00,3039800,20142588,20498200,R
2026-07-13T03:01:54+02:00,3039800,20142588,20498200,R
2026-07-13T03:01:55+02:00,3039800,20142588,20498200,R
2026-07-13T03:01:56+02:00,3039800,20142588,20498200,R
2026-07-13T03:01:57+02:00,3039800,20142588,20498200,R
2026-07-13T03:01:58+02:00,3039800,20142588,20498200,R
2026-07-13T03:01:59+02:00,3039800,20142588,20498200,R
2026-07-13T03:02:00+02:00,3039800,20142588,20498200,R
2026-07-13T03:02:01+02:00,3039800,20142588,20498200,R
2026-07-13T03:02:02+02:00,3039800,20142588,20498200,R
2026-07-13T03:02:03+02:00,3039800,20142588,20498200,R
2026-07-13T03:02:04+02:00,3039800,20142588,20498200,R
2026-07-13T03:02:05+02:00,3039800,20142588,20498200,R
2026-07-13T03:02:06+02:00,3039800,20142588,20498200,R
2026-07-13T03:02:07+02:00,3039800,20142588,20498200,R
2026-07-13T03:02:08+02:00,3039800,20142588,20498200,R
2026-07-13T03:02:09+02:00,3039800,20142588,20498200,R
2026-07-13T03:02:10+02:00,3039800,20142588,20498200,R
2026-07-13T03:02:11+02:00,3039800,20142588,20498200,R
2026-07-13T03:02:12+02:00,3039800,20142588,20498200,R
2026-07-13T03:02:13+02:00,3039800,20142588,20498200,R
2026-07-13T03:02:14+02:00,3039800,20142588,20498200,R
2026-07-13T03:02:15+02:00,3039800,20142588,20498200,R
2026-07-13T03:02:16+02:00,3039800,20142588,20498200,R
2026-07-13T03:02:17+02:00,3039800,20142588,20498200,R
2026-07-13T03:02:18+02:00,3039800,20142588,20498200,R
2026-07-13T03:02:19+02:00,3039800,20142588,20498200,R
2026-07-13T03:02:20+02:00,3039800,20142588,20498200,R
2026-07-13T03:02:21+02:00,3039800,19143352,19498964,R
2026-07-13T03:02:22+02:00,3039800,19143352,19498964,R
2026-07-13T03:02:23+02:00,3039800,19143352,19498964,R
2026-07-13T03:02:24+02:00,3039800,19143352,19498964,R
2026-07-13T03:02:25+02:00,3039800,19143352,19498964,R
2026-07-13T03:02:26+02:00,3039800,19143352,19498964,R
2026-07-13T03:02:27+02:00,3039800,19143352,19498964,R
2026-07-13T03:02:28+02:00,3039800,19143352,19498964,R
2026-07-13T03:02:30+02:00,3039800,19143352,19498964,R
2026-07-13T03:02:31+02:00,3039800,19143352,19498964,R
2026-07-13T03:02:32+02:00,3039800,19143352,19498964,R
2026-07-13T03:02:33+02:00,3039800,19143352,19498964,R
2026-07-13T03:02:34+02:00,3039800,19143352,19498964,R
2026-07-13T03:02:35+02:00,3039800,19143352,19498964,R
2026-07-13T03:02:36+02:00,3039800,19143352,19498964,R
2026-07-13T03:02:37+02:00,3039800,19143352,19498964,R
2026-07-13T03:02:38+02:00,3039800,19143352,19498964,R
2026-07-13T03:02:39+02:00,3039800,19143352,19498964,R
2026-07-13T03:02:40+02:00,3039800,19143352,19498964,R
2026-07-13T03:02:41+02:00,3039800,19143352,19498964,R
2026-07-13T03:02:42+02:00,3039800,19143352,19498964,R
2026-07-13T03:02:43+02:00,3039800,19143352,19498964,R
2026-07-13T03:02:44+02:00,3039800,19143352,19498964,R
2026-07-13T03:02:45+02:00,3039800,19143352,19498964,R
2026-07-13T03:02:46+02:00,3039800,19143352,19498964,R
2026-07-13T03:02:47+02:00,3039800,19143352,19498964,R
2026-07-13T03:02:48+02:00,3039800,19143352,19498964,R
2026-07-13T03:02:49+02:00,3039800,19143352,19498964,R
2026-07-13T03:02:50+02:00,3039800,19143352,19498964,R
2026-07-13T03:02:51+02:00,3039800,19143352,19498964,R
2026-07-13T03:02:52+02:00,3039800,19143352,19498964,R
2026-07-13T03:02:53+02:00,3039800,19143352,19498964,R
2026-07-13T03:02:54+02:00,3039800,19143352,19498964,R
2026-07-13T03:02:55+02:00,3039800,19143352,19498964,R
2026-07-13T03:02:56+02:00,3039800,19143352,19498964,R
2026-07-13T03:02:57+02:00,3039800,19143352,19498964,R
2026-07-13T03:02:58+02:00,3039800,19143352,19498964,R
2026-07-13T03:02:59+02:00,3039800,19143352,19498964,R
2026-07-13T03:03:00+02:00,3039800,19143352,19498964,R
2026-07-13T03:03:01+02:00,3039800,19143352,19498964,R
2026-07-13T03:03:02+02:00,3039800,19143352,19498964,R
2026-07-13T03:03:03+02:00,3039800,19143352,19498964,R
2026-07-13T03:03:04+02:00,3039800,19143352,19498964,R
2026-07-13T03:03:05+02:00,3039800,19143352,19498964,R
2026-07-13T03:03:06+02:00,3039800,19143352,19498964,R
2026-07-13T03:03:07+02:00,3039800,19143352,19498964,R
2026-07-13T03:03:08+02:00,3039800,19143352,19498964,R
2026-07-13T03:03:09+02:00,3039800,19143352,19498964,R
2026-07-13T03:03:10+02:00,3039800,19143352,19498964,R
2026-07-13T03:03:11+02:00,3039800,19143352,19498964,R
2026-07-13T03:03:12+02:00,3039800,19143352,19498964,R
2026-07-13T03:03:13+02:00,3039800,19143352,19498964,R
2026-07-13T03:03:14+02:00,3039800,19143352,19498964,R
2026-07-13T03:03:15+02:00,3039800,19143352,19498964,R
2026-07-13T03:03:16+02:00,3039800,19143352,19498964,R
2026-07-13T03:03:17+02:00,3039800,19143352,19498964,R
2026-07-13T03:03:18+02:00,3039800,19143352,19498964,R
2026-07-13T03:03:19+02:00,3039800,19143352,19498964,R
2026-07-13T03:03:20+02:00,3039800,19143352,19498964,R
2026-07-13T03:03:22+02:00,3039800,19143352,19498964,R
2026-07-13T03:03:23+02:00,3039800,19143352,19498964,R
2026-07-13T03:03:24+02:00,3039800,19143352,19498964,R
2026-07-13T03:03:25+02:00,3039800,19143352,19498964,R
2026-07-13T03:03:26+02:00,3039800,19143352,19498964,R
2026-07-13T03:03:27+02:00,3039800,19143352,19498964,R
2026-07-13T03:03:28+02:00,3039800,19143352,19498964,R
2026-07-13T03:03:29+02:00,3039800,19143352,19498964,R
2026-07-13T03:03:30+02:00,3039800,19143352,19498964,R
2026-07-13T03:03:31+02:00,3039800,19143352,19498964,R
2026-07-13T03:03:32+02:00,3039800,19143352,19498964,R
2026-07-13T03:03:33+02:00,3039800,19143352,19498964,R
2026-07-13T03:03:34+02:00,3039800,19143352,19498964,R
2026-07-13T03:03:35+02:00,3039800,19143352,19498964,R
2026-07-13T03:03:36+02:00,3039800,19143352,19498964,R
2026-07-13T03:03:37+02:00,3039800,19143352,19498964,R
2026-07-13T03:03:38+02:00,3039800,19143352,19498964,R
2026-07-13T03:03:39+02:00,3039800,19143352,19498964,R
2026-07-13T03:03:40+02:00,3039800,19143352,19498964,R
2026-07-13T03:03:41+02:00,3039800,19143352,19498964,R
2026-07-13T03:03:42+02:00,3039800,19143352,19498964,R
2026-07-13T03:03:43+02:00,3039800,19143352,19498964,R
2026-07-13T03:03:44+02:00,3039800,19143352,19498964,R
2026-07-13T03:03:45+02:00,3039800,19143352,19498964,R
2026-07-13T03:03:46+02:00,3039800,19143352,19498964,R
2026-07-13T03:03:47+02:00,3039800,19143352,19498964,R
2026-07-13T03:03:48+02:00,3039800,19143352,19498964,R
2026-07-13T03:03:49+02:00,3039800,19143352,19498964,R
2026-07-13T03:03:50+02:00,3039800,19143352,19498964,R
2026-07-13T03:03:51+02:00,3039800,19143352,19498964,R
2026-07-13T03:03:52+02:00,3039800,19143352,19498964,R
2026-07-13T03:03:53+02:00,3039800,19143352,19498964,R
2026-07-13T03:03:54+02:00,3039800,19143352,19498964,R
2026-07-13T03:03:55+02:00,3039800,19143352,19498964,R
2026-07-13T03:03:56+02:00,3039800,19143352,19498964,R
2026-07-13T03:03:57+02:00,3039800,19143352,19498964,R
2026-07-13T03:03:58+02:00,3039800,19143352,19498964,R
2026-07-13T03:03:59+02:00,3039800,19143352,19498964,R
2026-07-13T03:04:00+02:00,3039800,19143352,19498964,R
2026-07-13T03:04:01+02:00,3039800,19143352,19498964,R
2026-07-13T03:04:02+02:00,3039800,19143352,19498964,R
2026-07-13T03:04:03+02:00,3039800,19143352,19498964,R
2026-07-13T03:04:04+02:00,3039800,19143352,19498964,R
2026-07-13T03:04:05+02:00,3039800,19143352,19498964,R
2026-07-13T03:04:06+02:00,3039800,19143352,19498964,R
2026-07-13T03:04:07+02:00,3039800,19143352,19498964,R
2026-07-13T03:04:08+02:00,3039800,19143352,19498964,R
2026-07-13T03:04:09+02:00,3039800,19143352,19498964,R
2026-07-13T03:04:10+02:00,3039800,19143352,19498964,R
2026-07-13T03:04:11+02:00,3039800,19143352,19498964,R
2026-07-13T03:04:12+02:00,3039800,19143352,19498964,R
2026-07-13T03:04:14+02:00,3039800,19143352,19498964,R
2026-07-13T03:04:15+02:00,3039800,19143352,19498964,R
2026-07-13T03:04:16+02:00,3039800,19143352,19498964,R
2026-07-13T03:04:17+02:00,3039800,19143352,19498964,R
2026-07-13T03:04:18+02:00,3039800,19143352,19498964,R
2026-07-13T03:04:19+02:00,3039800,19143352,19498964,R
2026-07-13T03:04:20+02:00,3039800,19143352,19498964,R
2026-07-13T03:04:21+02:00,3039800,19143352,19498964,R
2026-07-13T03:04:22+02:00,3039800,19143352,19498964,R
2026-07-13T03:04:23+02:00,3039800,19143352,19498964,R
2026-07-13T03:04:24+02:00,3039800,19143352,19498964,R
2026-07-13T03:04:25+02:00,3039800,19143352,19498964,R
2026-07-13T03:04:26+02:00,3039800,19143352,19498964,R
2026-07-13T03:04:27+02:00,3039800,19143352,19498964,R
2026-07-13T03:04:28+02:00,3039800,19143352,19498964,R
2026-07-13T03:04:29+02:00,3039800,19143352,19498964,R
2026-07-13T03:04:30+02:00,3039800,19143352,19498964,R
2026-07-13T03:04:31+02:00,3039800,19143352,19498964,R
2026-07-13T03:04:32+02:00,3039800,19143352,19498964,R
2026-07-13T03:04:33+02:00,3039800,19143352,19498964,R
2026-07-13T03:04:34+02:00,3039800,19143352,19498964,R
2026-07-13T03:04:35+02:00,3039800,19143352,19498964,R
2026-07-13T03:04:36+02:00,3039800,19143352,19498964,R
2026-07-13T03:04:37+02:00,3039800,19143352,19498964,R
2026-07-13T03:04:38+02:00,3039800,19143352,19498964,R
2026-07-13T03:04:39+02:00,3039800,19143352,19498964,R
2026-07-13T03:04:40+02:00,3039800,19143352,19498964,R
2026-07-13T03:04:41+02:00,3039800,19143352,19498964,R
2026-07-13T03:04:42+02:00,3039800,19143352,19498964,R
2026-07-13T03:04:43+02:00,3039800,19143352,19498964,R
2026-07-13T03:04:44+02:00,3039800,19143352,19498964,R
2026-07-13T03:04:45+02:00,3039800,19143352,19498964,R
2026-07-13T03:04:46+02:00,3039800,19143352,19498964,R
2026-07-13T03:04:47+02:00,3039800,19143352,19498964,R
2026-07-13T03:04:48+02:00,3039800,19143352,19498964,R
2026-07-13T03:04:49+02:00,3039800,19143352,19498964,R
2026-07-13T03:04:50+02:00,3039800,19143352,19498964,R
2026-07-13T03:04:51+02:00,3039800,19143352,19498964,R
2026-07-13T03:04:52+02:00,3039800,19143352,19498964,R
2026-07-13T03:04:53+02:00,3039800,19143352,19498964,R
2026-07-13T03:04:54+02:00,3039800,19143352,19498964,R
2026-07-13T03:04:55+02:00,3039800,19143352,19498964,R
2026-07-13T03:04:56+02:00,3039800,19143352,19498964,R
2026-07-13T03:04:57+02:00,3039800,19143352,19498964,R
2026-07-13T03:04:58+02:00,3039800,19143352,19498964,R
2026-07-13T03:04:59+02:00,3039800,19143352,19498964,R
2026-07-13T03:05:00+02:00,3039800,19143352,19498964,R
2026-07-13T03:05:01+02:00,3039800,19143352,19498964,R
2026-07-13T03:05:02+02:00,3039800,19143352,19498964,R
2026-07-13T03:05:03+02:00,3039800,19143352,19498964,R
2026-07-13T03:05:04+02:00,3039800,19143352,19498964,R
2026-07-13T03:05:06+02:00,3039800,19143352,19498964,R
2026-07-13T03:05:07+02:00,3039800,19143352,19498964,R
2026-07-13T03:05:08+02:00,3039800,19143352,19498964,R
2026-07-13T03:05:09+02:00,3039800,19143352,19498964,R
2026-07-13T03:05:10+02:00,3039800,19143352,19498964,R
2026-07-13T03:05:11+02:00,3039800,19143352,19498964,R
2026-07-13T03:05:12+02:00,3039800,19143352,19498964,R
2026-07-13T03:05:13+02:00,3039800,19143352,19498964,R
2026-07-13T03:05:14+02:00,3039800,19143352,19498964,R
2026-07-13T03:05:15+02:00,3039800,19143352,19498964,R
2026-07-13T03:05:16+02:00,3039800,19143352,19498964,R
2026-07-13T03:05:17+02:00,3039800,19143352,19498964,R
2026-07-13T03:05:18+02:00,3039800,19143352,19498964,R
2026-07-13T03:05:19+02:00,3039800,19143352,19498964,R
2026-07-13T03:05:20+02:00,3039800,19143352,19498964,R
2026-07-13T03:05:21+02:00,3039800,19143352,19498964,R
2026-07-13T03:05:22+02:00,3039800,19143352,19498964,R
2026-07-13T03:05:23+02:00,3039800,19143352,19498964,R
2026-07-13T03:05:24+02:00,3039800,19143352,19498964,R
2026-07-13T03:05:25+02:00,3039800,19143352,19498964,R
2026-07-13T03:05:26+02:00,3039800,19143352,19498964,R
2026-07-13T03:05:27+02:00,3039800,19143352,19498964,R
2026-07-13T03:05:28+02:00,3039800,19143352,19498964,R
2026-07-13T03:05:29+02:00,3039800,19143352,19498964,R
2026-07-13T03:05:30+02:00,3039800,19143352,19498964,R
2026-07-13T03:05:31+02:00,3039800,19143352,19498964,R
2026-07-13T03:05:32+02:00,3039800,19143352,19498964,R
2026-07-13T03:05:33+02:00,3039800,19143352,19498964,R
2026-07-13T03:05:34+02:00,3039800,19143352,19498964,R
2026-07-13T03:05:35+02:00,3039800,19143352,19498964,R
2026-07-13T03:05:36+02:00,3039800,19143352,19498964,R
2026-07-13T03:05:37+02:00,3039800,19143352,19498964,R
2026-07-13T03:05:38+02:00,3039800,19143352,19498964,R
2026-07-13T03:05:39+02:00,3039800,19143352,19498964,R
2026-07-13T03:05:40+02:00,3039800,19143352,19498964,R
2026-07-13T03:05:41+02:00,3039800,19143352,19498964,R
2026-07-13T03:05:42+02:00,3039800,19143352,19498964,R
2026-07-13T03:05:43+02:00,3039800,19143352,19498964,R
2026-07-13T03:05:44+02:00,3039800,19143352,19498964,R
2026-07-13T03:05:45+02:00,3039800,19143352,19498964,R
2026-07-13T03:05:46+02:00,3039800,19143352,19498964,R
2026-07-13T03:05:47+02:00,3039800,19143352,19498964,R
2026-07-13T03:05:48+02:00,3039800,19143352,19498964,R
2026-07-13T03:05:49+02:00,3039800,19143352,19498964,R
2026-07-13T03:05:50+02:00,3039800,19143352,19498964,R
2026-07-13T03:05:51+02:00,3039800,19143352,19498964,R
2026-07-13T03:05:52+02:00,3039800,19143352,19498964,R
2026-07-13T03:05:53+02:00,3039800,19143352,19498964,R
2026-07-13T03:05:54+02:00,3039800,19143352,19498964,R
2026-07-13T03:05:55+02:00,3039800,19143352,19498964,R
2026-07-13T03:05:56+02:00,3039800,19143352,19498964,R
2026-07-13T03:05:57+02:00,3039800,19143352,19498964,R
2026-07-13T03:05:59+02:00,3039800,19143352,19498964,R
2026-07-13T03:06:00+02:00,3039800,19143352,19498964,R
2026-07-13T03:06:01+02:00,3039800,19143352,19498964,R
2026-07-13T03:06:02+02:00,3039800,19143352,19498964,R
2026-07-13T03:06:03+02:00,3039800,19143352,19498964,R
2026-07-13T03:06:04+02:00,3039800,19143352,19498964,R
2026-07-13T03:06:05+02:00,3039800,19143352,19498964,R
2026-07-13T03:06:06+02:00,3039800,19143352,19498964,R
2026-07-13T03:06:07+02:00,3039800,19143352,19498964,R
2026-07-13T03:06:08+02:00,3039800,19143352,19498964,R
2026-07-13T03:06:09+02:00,3039800,19143352,19498964,R
2026-07-13T03:06:10+02:00,3039800,19143352,19498964,R
2026-07-13T03:06:11+02:00,3039800,19143352,19498964,R
2026-07-13T03:06:12+02:00,3039800,19143352,19498964,R
2026-07-13T03:06:13+02:00,3039800,19143352,19498964,R
2026-07-13T03:06:14+02:00,3039800,19143352,19498964,R
2026-07-13T03:06:15+02:00,3039800,19143352,19498964,R
2026-07-13T03:06:16+02:00,3039800,19143352,19498964,R
2026-07-13T03:06:17+02:00,3039800,19143352,19498964,R
2026-07-13T03:06:18+02:00,3039800,19143352,19498964,R
2026-07-13T03:06:19+02:00,3039800,19143352,19498964,R
2026-07-13T03:06:20+02:00,3039800,19143352,19498964,R
2026-07-13T03:06:21+02:00,3039800,19143352,19498964,R
2026-07-13T03:06:22+02:00,3039800,19143352,19498964,R
2026-07-13T03:06:23+02:00,3039800,19143352,19498964,R
2026-07-13T03:06:24+02:00,3039800,19143352,19498964,R
2026-07-13T03:06:25+02:00,3039800,19143352,19498964,R
2026-07-13T03:06:26+02:00,3039800,19143352,19498964,R
2026-07-13T03:06:27+02:00,3039800,19143352,19498964,R
2026-07-13T03:06:28+02:00,3039800,19143352,19498964,R
2026-07-13T03:06:29+02:00,3039800,19143352,19498964,R
2026-07-13T03:06:30+02:00,3039800,19143352,19498964,R
2026-07-13T03:06:31+02:00,3039800,19143352,19498964,R
2026-07-13T03:06:32+02:00,3039800,19143352,19498964,R
2026-07-13T03:06:33+02:00,3039800,19143352,19498964,R
2026-07-13T03:06:34+02:00,3039800,19143352,19498964,R
2026-07-13T03:06:35+02:00,3039800,19143352,19498964,R
2026-07-13T03:06:36+02:00,3039800,19143352,19498964,R
2026-07-13T03:06:37+02:00,3039800,19143352,19498964,R
2026-07-13T03:06:38+02:00,3039800,19143352,19498964,R
2026-07-13T03:06:39+02:00,3039800,19143352,19498964,R
2026-07-13T03:06:40+02:00,3039800,19143352,19498964,R
2026-07-13T03:06:41+02:00,3039800,19143352,19498964,R
2026-07-13T03:06:42+02:00,3039800,19143352,19498964,R
2026-07-13T03:06:43+02:00,3039800,19143352,19498964,R
2026-07-13T03:06:44+02:00,3039800,19143352,19498964,R
2026-07-13T03:06:45+02:00,3039800,19143352,19498964,R
2026-07-13T03:06:46+02:00,3039800,19143352,19498964,R
2026-07-13T03:06:47+02:00,3039800,19143352,19498964,R
2026-07-13T03:06:48+02:00,3039800,19143352,19498964,R
2026-07-13T03:06:49+02:00,3039800,19143352,19498964,R
2026-07-13T03:06:50+02:00,3039800,19143352,19498964,R
2026-07-13T03:06:51+02:00,3039800,19143352,19498964,R
2026-07-13T03:06:52+02:00,3039800,19143352,19498964,R
2026-07-13T03:06:53+02:00,3039800,19143352,19498964,R
2026-07-13T03:06:55+02:00,3039800,19143352,19498964,R
2026-07-13T03:06:56+02:00,3039800,19143352,19498964,R
2026-07-13T03:06:57+02:00,3039800,19143352,19498964,R
2026-07-13T03:06:58+02:00,3039800,19143352,19498964,R
2026-07-13T03:06:59+02:00,3039800,19143352,19498964,R
2026-07-13T03:07:00+02:00,3039800,19143352,19498964,R
2026-07-13T03:07:01+02:00,3039800,19143352,19498964,R
2026-07-13T03:07:02+02:00,3039800,19143352,19498964,R
2026-07-13T03:07:03+02:00,3039800,19143352,19498964,R
2026-07-13T03:07:04+02:00,3039800,19143352,19498964,R
2026-07-13T03:07:05+02:00,3039800,19143352,19498964,R
2026-07-13T03:07:06+02:00,3039800,19143352,19498964,R
2026-07-13T03:07:07+02:00,3039800,19143352,19498964,R
2026-07-13T03:07:08+02:00,3039800,19143352,19498964,R
2026-07-13T03:07:09+02:00,3039800,19143352,19498964,R
2026-07-13T03:07:10+02:00,3039800,19143352,19498964,R
2026-07-13T03:07:11+02:00,3039800,19143352,19498964,R
2026-07-13T03:07:12+02:00,3039800,19143352,19498964,R
2026-07-13T03:07:13+02:00,3039800,19143352,19498964,R
2026-07-13T03:07:14+02:00,3039800,19143352,19498964,R
2026-07-13T03:07:15+02:00,3039800,19143352,19498964,R
2026-07-13T03:07:16+02:00,3039800,19143352,19498964,R
2026-07-13T03:07:17+02:00,3039800,19143352,19498964,R
2026-07-13T03:07:18+02:00,3039800,19143352,19498964,R
2026-07-13T03:07:19+02:00,3039800,19143352,19498964,R
2026-07-13T03:07:20+02:00,3039800,19143352,19498964,R
2026-07-13T03:07:21+02:00,3039800,19143352,19498964,R
2026-07-13T03:07:22+02:00,3039800,19143352,19498964,R
2026-07-13T03:07:23+02:00,3039800,19143352,19498964,R
2026-07-13T03:07:24+02:00,3039800,19143352,19498964,R
2026-07-13T03:07:25+02:00,3039800,19143352,19498964,R
2026-07-13T03:07:26+02:00,3039800,19143352,19498964,R
2026-07-13T03:07:27+02:00,3039800,19143352,19498964,R
2026-07-13T03:07:28+02:00,3039800,19143352,19498964,R
2026-07-13T03:07:29+02:00,3039800,19143352,19498964,R
2026-07-13T03:07:30+02:00,3039800,19143352,19498964,R
2026-07-13T03:07:31+02:00,3039800,19143352,19498964,R
2026-07-13T03:07:32+02:00,3039800,19143352,19498964,R
2026-07-13T03:07:33+02:00,3039800,20635740,20997824,R
2026-07-13T03:07:34+02:00,3039800,20642076,20997824,R
2026-07-13T03:07:35+02:00,3039800,20959008,21497444,R
2026-07-13T03:07:36+02:00,3039800,22140936,22496684,R
2026-07-13T03:07:37+02:00,3039800,22279536,22996304,R
2026-07-13T03:07:38+02:00,3039800,23623608,23995544,R
2026-07-13T03:07:39+02:00,3039800,23639796,23995544,R
2026-07-13T03:07:40+02:00,3039800,23924520,24495164,R
2026-07-13T03:07:41+02:00,3039800,25138656,25494404,R
2026-07-13T03:07:42+02:00,3039800,0,0,R
