cell_km,medoid_rank,consensus_rank,species,occurrence_rows,unique_locations,duplicate_rows,occupied_cells,occupied_area_km2,centroid_x_km,centroid_y_km,mean_pairwise_jsd,jsd_to_consensus
5,1,3,Sesleria caerulea,15828,15828,0,5159,128975,-192.04294145064347,-641.6053496797094,0.7556602798098694,0.46139188280945537
5,2,2,Phyteuma orbiculare,13877,13877,0,5304,132600,-136.37167204042365,-641.8318373687961,0.7575828701952058,0.4472425901549246
5,3,1,Hippocrepis comosa,25338,25338,0,10527,263175,-349.15827336186175,-607.2366637289151,0.7599635330084147,0.43063391565469106
5,4,9,Carex sempervirens,7709,7709,0,2642,66050,-93.8152545483707,-651.0540138881273,0.7609408559476074,0.484145232414309
5,5,13,Bellidiastrum michelii,7417,7417,0,2840,71000,-89.11149982019771,-659.3917800695367,0.761438604871966,0.5040119228704829
5,6,19,Scabiosa lucida,6175,6175,0,2459,61475,-44.45341688909029,-620.7362250053354,0.7682233819695604,0.5146215880447439
5,7,14,Galium anisophyllon,5936,5936,0,2525,63125,48.545851445461004,-583.7696747841609,0.7696360388914997,0.5071536452393883
5,8,17,Geum montanum,9625,9625,0,2815,70375,-75.06273732898966,-668.221469202911,0.7732380054256222,0.5095493512310129
5,9,15,Potentilla aurea,8776,8776,0,3145,78625,16.031199920699457,-595.7797138223933,0.7741282643005933,0.5074390210957733
5,10,22,Campanula cochleariifolia,7148,7148,0,2795,69875,-12.878366669819433,-602.1628781692854,0.7754556844728809,0.5219051451970907
5,11,28,Agrostis rupestris,4464,4464,0,1713,42825,-97.257250490589,-686.1925981083687,0.7820821451813389,0.5382790551208475
5,12,24,Teucrium montanum,12454,12454,0,5200,130000,-228.90544350258585,-710.6948298345477,0.7877730685125718,0.532221988968667
5,13,35,Hornungia alpina,3646,3646,0,1632,40800,-138.71409298726724,-662.1519714264821,0.7886802727869651,0.5601093178677785
5,14,37,Helictochloa versicolor,3798,3798,0,1499,37475,-72.25111428879828,-663.3214392172084,0.7888368000927463,0.5711816146299513
5,15,34,Aster alpinus,6654,6654,0,2796,69900,-21.70950615837601,-616.0684092307164,0.7902277134659874,0.5595990601143414
5,16,11,Bromus erectus,36910,36910,0,13153,328825,-408.9045835212164,-579.0510769448324,0.7917328147752642,0.4970802381504386
5,17,36,Euphrasia minima,4358,4358,0,1475,36875,-112.3266855190419,-683.5061069855793,0.7931240605847895,0.5697335147752527
5,18,7,Teucrium chamaedrys,37095,37095,0,12549,313725,-247.86705709535613,-757.5372211041569,0.7934993824542594,0.4769303170630651
5,19,18,Potentilla verna,24735,24735,0,10759,268975,-346.8142095586783,-569.0435685631245,0.7944038598955284,0.5138616103706568
5,20,8,Poa alpina,21827,21827,0,8481,212025,37.36484839114611,375.7068362735613,0.7964567527900477,0.4810408002306741
5,21,53,Saxifraga androsacea,1907,1907,0,1002,25050,-30.83222601728503,-629.9810018521406,0.7976308534051302,0.6059140293162815
5,22,62,Festuca quadriflora,2389,2389,0,1071,26775,-26.189996297653067,-620.1222077539204,0.8011616811275136,0.620937283588312
5,23,49,Mutellina adonidifolia,3368,3368,0,1462,36550,64.09585797683594,-568.5603716372223,0.8015655326125817,0.5994420362613909
5,24,44,Leucanthemopsis alpina,4706,4706,0,1675,41875,-108.47990598692027,-669.0813076535338,0.8021754966071935,0.5912453356215807
5,25,4,Briza media,61027,61027,0,24767,619175,-195.1813351640271,-91.27102691509943,0.8024302801048501,0.4641813878160846
5,26,5,Poterium sanguisorba,55001,55001,0,21968,549200,-397.69982673779805,-553.6955822513277,0.8027960914435264,0.46820515404804625
5,27,23,Stachys recta,20586,20586,0,9893,247325,-153.96478889799258,-611.769513622419,0.8041015072517231,0.5250075365234148
5,28,60,Gentiana bavarica,3085,3085,0,1362,34050,-3.3965685777877344,-598.9983275386601,0.8044268247558904,0.6184449543237079
5,29,47,Phyteuma hemisphaericum,5021,5021,0,1824,45600,-147.34848963705437,-683.8919427424657,0.8047172206824239,0.594505374715429
5,30,55,Luzula alpinopilosa,3018,3018,0,1292,32300,-33.71599247551582,-633.2028886532136,0.8047203733058956,0.6122642290770718
5,31,6,Plantago media,54872,54872,0,24254,606350,-61.80315844782032,-137.3795980177346,0.8063681379878447,0.4701641428731906
5,32,65,Veronica bellidioides,2608,2608,0,1173,29325,-111.07832045663837,-679.3443839499813,0.8079528143648764,0.6242217898177731
5,33,10,Sedum album,39261,39261,0,17706,442650,-402.5241897157522,-477.5120147424321,0.808347780250991,0.4894979757811294
5,34,54,Sedum alpestre,3131,3131,0,1374,34350,-146.48171314070592,-708.2408329496899,0.8087059777322806,0.61146085048972
5,35,61,Hieracium villosum,2380,2380,0,1374,34350,-2.2950217043377883,-609.2160005776941,0.8103332805036533,0.6194056141203553
5,36,26,Dryas octopetala,17673,17673,0,5692,142300,-1.5401938289644728,269.05808206682434,0.8105468335911152,0.5347228717531297
5,37,67,Carex curvula,2917,2917,0,1102,27550,-104.66555185118162,-675.7603947898891,0.8113280824659297,0.6307907226195969
5,38,32,Trifolium montanum,16891,16891,0,8395,209875,343.5372302816735,-225.52260069175207,0.811691999859063,0.5560470810143499
5,39,31,Scabiosa columbaria,22530,22530,0,11747,293675,-421.26261879573826,-431.4638057601979,0.8135799067488396,0.5520434908878911
5,40,16,Leontodon hispidus,44139,44139,0,19168,479200,-197.58090650986497,-162.74076687107078,0.8143521937904434,0.5084328597255828
5,41,20,Linum catharticum,44417,44417,0,19375,484375,-354.50393277789334,15.352027812788663,0.8171983523996585,0.5147633953107411
5,42,25,Brachypodium pinnatum,40120,40120,0,17398,434950,-322.89088088511255,-489.0735439713766,0.8172742952849111,0.5340305850922376
5,43,12,Euphorbia cyparissias,67936,67936,0,27056,676400,-37.41849762106488,-429.8013492180152,0.8187238723250118,0.4975016074649162
5,44,30,Thymus pulegioides,22391,22391,0,12307,307675,-113.99867113713707,-391.65120257933046,0.8195058943860712,0.5487295368011845
5,45,63,Euphrasia salisburgensis,3741,3741,0,1840,46000,85.07907734730324,-136.15613456803968,0.8248303563757778,0.6228526385779619
5,46,64,Globularia bisnagarica,10117,10117,0,4760,119000,-307.33569258004246,-721.0915509312943,0.8261673064370709,0.6241080648049613
5,47,71,Trifolium alpinum,7421,7421,0,1954,48850,-281.98721979880344,-751.1948004797323,0.8261962497233027,0.6427406069602133
5,48,83,Alchemilla fissa,1428,1428,0,746,18650,-114.66672265093524,-676.513424920346,0.8263639444256966,0.6744752702501818
5,49,40,Cynanchica pyrenaica,14245,14245,0,7545,188625,-347.8914269829018,-561.0927803425701,0.8267071985677091,0.5850332979625517
5,50,33,Salvia pratensis,38030,38030,0,17106,427650,-117.32574789652813,-531.7691887908315,0.8284560604665163,0.5566208275413999
5,51,79,Scorzoneroides helvetica,2706,2706,0,1333,33325,79.76167497705656,-568.9547766059584,0.8290121817363636,0.6649947845578797
5,52,39,Veronica alpina,11143,11143,0,4619,115475,35.03277510257842,629.9833583206469,0.8294038120711469,0.5730529570908877
5,53,29,Centaurea scabiosa,42766,42766,0,19552,488800,-22.017164508537736,-12.262751048559656,0.8296443068230991,0.5429188154274077
5,54,78,Leontopodium nivale,4627,4627,0,1870,46750,-59.926400748547834,-662.0062554489301,0.8303865898161431,0.6576714349596062
5,55,76,Ranunculus alpestris,2677,2677,0,1156,28900,86.00489863730229,-546.2697144153088,0.8304971461469371,0.6540762200722922
5,56,27,Arenaria serpyllifolia,43708,43708,0,21169,529225,-151.3031932756918,-11.171390943841985,0.8330344173553651,0.537443693731871
5,57,75,Gentiana clusii,3807,3807,0,1640,41000,101.26219804269681,-542.9199971748311,0.8333793809105623,0.6472201394880349
5,58,58,Melica ciliata,10110,10110,0,5001,125025,-402.05554911356194,-841.8008272594,0.8337599647817919,0.6174824005159621
5,59,59,Alyssum alyssoides,12396,12396,0,4942,123550,-302.6448079049095,-758.4408593132537,0.8344585882333284,0.6178322540353565
5,60,41,Viola hirta,25803,25803,0,13820,345500,-146.21013131327732,-183.3391136803075,0.8363969981947795,0.5854217292487162
5,61,81,Helianthemum italicum,6489,6489,0,1673,41825,-314.86483509903866,-845.56880907395,0.8364986535041032,0.6678649614312678
5,62,80,Saxifraga caesia,2366,2366,0,1060,26500,93.74592135573083,-578.0875068346784,0.836519253390085,0.6663480491782335
5,63,57,Carex humilis,9778,9778,0,4215,105375,-304.6732913964713,-754.8131283871388,0.8387195569181257,0.6167398336274758
5,64,94,Omalotheca hoppeana,999,999,0,622,15550,-70.249358422944,-659.256357082761,0.8405481416087222,0.7025900311454788
5,65,56,Arnica montana,24670,24670,0,8370,209250,24.440380600214787,-56.90724481446244,0.8412187975181451,0.6135934244148084
5,66,72,Koeleria vallesiana,10872,10872,0,3329,83225,-619.4907185065732,-1019.7014488080162,0.8413767279339673,0.6434178959567597
5,67,70,Koeleria pyramidata,8040,8040,0,5063,126575,-98.99723803619328,-531.2233815904071,0.8414259929233385,0.6412828845189553
5,68,66,Sagina saginoides,5238,5238,0,3288,82200,13.892910088380315,480.97347977381315,0.8420626202032822,0.6255969910943638
5,69,92,Helianthemum alpestre,1627,1627,0,830,20750,133.6324172862946,-558.8537714830304,0.8435693443272202,0.6952282250125879
5,70,95,Achillea atrata,1475,1475,0,776,19400,96.39354033458002,-548.9442121699548,0.8445429907503703,0.7027954939322391
5,71,84,Cirsium acaulon,6263,6263,0,4024,100600,-412.9431033184653,-588.4530260694537,0.8466961270329219,0.6756966703668681
5,72,104,Potentilla brauneana,770,770,0,482,12050,27.851027502424376,-603.1585264331301,0.846910743626845,0.7150468536804523
5,73,87,Carex firma,2268,2268,0,939,23475,195.37617348407883,-523.3123693438262,0.8474949347466918,0.683830250171488
5,74,21,Galium verum,112708,112708,0,41328,1033200,-96.45614322421423,77.82982394698338,0.8478812562802331,0.5201632889819159
5,75,50,Micranthes stellaris,13476,13476,0,5882,147050,-33.22922362027195,575.0982681794038,0.8499217318614117,0.6010202529998153
5,76,107,Arenaria biflora,1205,1205,0,714,17850,-54.6960316632157,-634.5407597635559,0.850224666403899,0.7201131737421885
5,77,89,Fumana procumbens,6098,6098,0,2964,74100,-438.4023932279705,-834.1495251186178,0.8511250884241274,0.6840206725169385
5,78,77,Carex halleriana,15751,15751,0,5049,126225,-589.0345032386548,-988.8955316848976,0.8527602214987162,0.6546068316917099
5,79,42,Eryngium campestre,44071,44071,0,16483,412075,-366.89139467348383,-795.0794561066206,0.8532595210135636,0.5869376077567612
5,80,86,Hieracium alpinum,3197,3197,0,1733,43325,63.168088326833676,62.176248554394576,0.8535064225267475,0.6812897615931236
5,81,74,Clinopodium acinos,14230,14230,0,8348,208700,28.973394168752254,15.219879770220519,0.8556448499266381,0.6470769825691948
5,82,115,Pilosella glacialis,977,977,0,592,14800,-138.5692206845899,-700.0900822093904,0.8558394515961466,0.7437196007688285
5,83,108,Soldanella pusilla,2026,2026,0,917,22925,117.16480767320311,-556.5265627914735,0.8566220898458723,0.7268777961637386
5,84,38,Knautia arvensis,92894,92894,0,35981,899525,67.76184264915918,255.3193084364614,0.8579592366534465,0.5712989221761366
5,85,73,Sibbaldia procumbens,9793,9793,0,4138,103450,-6.265202855817245,784.1948187027012,0.8588345926869982,0.6464970176818613
5,86,106,Trinia glauca,3593,3593,0,1654,41350,-365.58775230373743,-803.5078014068687,0.8594016458813745,0.7195810168307974
5,87,109,Festuca marginata,5113,5113,0,2082,52050,-415.662967133329,-771.1655595818698,0.8611599516884805,0.7279713943053197
5,88,48,Draba verna,40743,40743,0,20781,519525,-185.9043448760877,-63.66874503730351,0.8611906147111796,0.5986664356440276
5,89,118,Arabis caerulea,723,723,0,469,11725,-45.80122712803017,-625.0763908828823,0.8617535036603379,0.7579095458265238
5,90,69,Salix herbacea,16204,16204,0,6049,151225,-15.272652733537079,830.1745402809728,0.8619288437190253,0.6377131726511523
5,91,91,Ranunculus glacialis,6215,6215,0,2375,59375,11.897975052783632,514.1832155574126,0.8629117145390787,0.6852132217898861
5,92,43,Sedum acre,54538,54538,0,27294,682350,-17.789163975290837,169.21129829581452,0.8631191573501231,0.5874705235030955
5,93,100,Primula auricula,3602,3602,0,1443,36075,61.36376684085558,-559.6366190696497,0.8646513238877563,0.7111652348643069
5,94,82,Dichodon cerastoides,5912,5912,0,3054,76350,55.51332800794503,754.9843645161862,0.8656348399044596,0.668463623807352
5,95,101,Astragalus monspessulanus,7349,7349,0,2999,74975,-492.877452920431,-930.7077353943839,0.866389844466675,0.7112995835174459
5,96,51,Pimpinella saxifraga,75762,75762,0,30478,761950,83.1248483006943,371.1037486553524,0.8664534390570626,0.6014305805504021
5,97,45,Nardus stricta,76666,76666,0,26404,660100,-85.4315696632035,524.1751189193589,0.8672741980332547,0.5915160565441107
5,98,96,Hornungia petraea,6780,6780,0,2592,64800,-577.9568142452509,-978.4403187823277,0.867581217533174,0.7074268106689843
5,99,110,Lavandula angustifolia,8877,8877,0,2441,61025,-351.24733724691197,-824.0536594048615,0.8684625474122679,0.7289309084863252
5,100,98,Helianthemum apenninum,8940,8940,0,3701,92525,-561.4475058852872,-910.162849283032,0.8691503099597172,0.7085874309598873
5,101,122,Alchemilla pentaphyllea,1190,1190,0,548,13700,-231.36310288388793,-713.6169754250762,0.8702903247239526,0.774283542393381
5,102,97,Coronilla minima,9939,9939,0,3598,89950,-649.7564804045315,-1001.3060456907017,0.8703881232957479,0.7074366109538757
5,103,88,Saxifraga tridactylites,14633,14633,0,8904,222600,-377.6230830533944,-343.9388936514797,0.8708667136217565,0.6839732819037557
5,104,116,Anthyllis montana,4296,4296,0,1435,35875,-438.86208646837895,-884.0883729046349,0.8719603383273601,0.7478358844285047
5,105,117,Pedicularis rostratocapitata,1238,1238,0,509,12725,211.21565751598382,-523.0274526619314,0.873937436895959,0.7493037578278263
5,106,68,Luzula campestris,77960,77960,0,27573,689325,-293.2463646326075,107.77822753486933,0.8769848818445641,0.6350272431234337
5,107,93,Thymus vulgaris,26836,26836,0,5053,126325,-581.9030688079214,-1019.0424354864284,0.8776851565621592,0.7013318513837122
5,108,85,Oxyria digyna,10954,10954,0,4925,123125,-53.151348266264534,871.9376734899847,0.8782717517241477,0.6802907838210355
5,109,46,Potentilla erecta,167345,167345,0,47282,1182050,-93.21526558407948,447.75077359436136,0.8783590077800433,0.5944863585848971
5,110,105,Bothriochloa ischaemum,6406,6406,0,3607,90175,-76.62089835313085,-738.6964771118027,0.8785620293613237,0.7174070113298029
5,111,102,Anthericum ramosum,7695,7695,0,4358,108950,182.68515432784804,-395.43540261933504,0.8791316267940738,0.7118390333349764
5,112,120,Oreochloa disticha,1271,1271,0,546,13650,208.92579251108475,-528.2376041157239,0.879953047896705,0.7684805562312856
5,113,103,Helictochloa pratensis,15689,15689,0,6555,163875,3.396198733727334,218.50638784357363,0.8811182732252228,0.713367638315045
5,114,90,Medicago falcata,13223,13223,0,8248,206200,642.8568037526725,-47.4180867320828,0.8812235796969323,0.6846605409823546
5,115,52,Agrostis capillaris,170701,170701,0,50901,1272525,-68.45878747138244,430.9994239940666,0.8813929117055715,0.6035805964561407
5,116,113,Polygala comosa,6414,6414,0,4312,107800,441.657697759013,-185.69840746529576,0.8817639454580469,0.733434339242775
5,117,111,Cardamine bellidifolia,3434,3434,0,1885,47125,94.67972384825123,888.4347512666372,0.8846474664595467,0.7305046685278807
5,118,126,Androsace chamaejasme,1071,1071,0,595,14875,108.4839857907376,-536.7631491533898,0.8858616009288006,0.7851229121343665
5,119,125,Primula minima,1878,1878,0,541,13525,243.88351524229802,-534.0775886497903,0.8885043183270441,0.7819118411637466
5,120,114,Aphyllanthes monspeliensis,22342,22342,0,3991,99775,-576.6897182004172,-999.9636512837346,0.8890711339290308,0.7352859293912782
5,121,127,Gentiana alpina,1435,1435,0,582,14550,-399.9125436572597,-826.9866513344956,0.8909312808077008,0.7860962546431235
5,122,124,Carex mucronata,1157,1157,0,501,12525,232.3431401068377,-519.6714692394951,0.8910839569178687,0.7796996755919298
5,123,128,Onobrychis supina,2471,2471,0,1119,27975,-412.47342615636853,-885.3557772100555,0.8926670806127766,0.786426805607226
5,124,123,Seseli montanum,6799,6799,0,4025,100625,-584.2617109088743,-709.7296178937778,0.8984219456305756,0.7784926769072766
5,125,99,Danthonia decumbens,42618,42618,0,18182,454550,-230.71827099296675,242.8778433711255,0.8991130688063774,0.7088757629809515
5,126,129,Leontodon incanus,1184,1184,0,547,13675,276.958907756069,-482.25016928668293,0.9057600600474703,0.8051696418736127
5,127,121,Thymus serpyllum,12362,12362,0,6291,157275,249.71646153304692,358.22420493673286,0.9104488009723347,0.773009256423422
5,128,131,Thesium divaricatum,1719,1719,0,962,24050,-484.3681229008168,-867.6667842333165,0.9111377902481541,0.8296190458283972
5,129,130,Crepis jacquinii,419,419,0,241,6025,273.2800023297122,-489.6790262013541,0.9135579100432902,0.8272992343386556
5,130,112,Carex pilulifera,64336,64336,0,23286,582150,-206.32957814163086,220.53616421111695,0.9139925753513652,0.7332215081106332
5,131,119,Fragaria viridis,10953,10953,0,6970,174250,869.7898236038451,254.56146072172015,0.9149043798567685,0.7667371629881509
5,132,136,Inula montana,1788,1788,0,580,14500,-314.4539871238373,-875.4494423487178,0.9171500278024338,0.841218734524629
5,133,138,Thesium humifusum,1660,1660,0,617,15425,-307.2437310628223,-880.3741178308761,0.9200256778662504,0.8443177987322932
5,134,137,Helianthemum canum,1843,1843,0,960,24000,-533.2442820673307,-923.8057361923146,0.9233819381072115,0.8432153935300924
5,135,142,Ononis striata,1110,1110,0,536,13400,-486.1402726633321,-877.8774929161413,0.9283630136980083,0.8633445408361942
5,136,139,Trisetum alpestre,479,479,0,168,4200,294.58300407296076,-489.04126330059626,0.9322104505281923,0.8539840161025434
5,137,135,Festuca valesiaca,2715,2715,0,1602,40050,1021.1229515090787,-309.739776704657,0.9323816109357296,0.8408907892283459
5,138,133,Stipa capillata,3930,3930,0,2317,57925,1212.8851025295473,-223.38959388728713,0.9388849297206989,0.8361432816158624
5,139,132,Falcaria vulgaris,6114,6114,0,4215,105375,733.207485751794,-182.88172518512445,0.9419180838988218,0.8305193001632645
5,140,144,Campanula alpina,600,600,0,215,5375,492.11979045646177,-446.02000574477387,0.9437113116048057,0.875443569157272
5,141,134,Galium saxatile,49240,49240,0,12143,303575,-514.6730295818396,308.9062813569415,0.94554954281332,0.838416057916154
5,142,141,Centaurea stoebe,3934,3934,0,2667,66675,587.1142877874447,-136.57631531153348,0.9473303840412538,0.85820623917126
5,143,143,Sempervivum globiferum,1650,1650,0,1092,27300,661.5274174544015,25.326929896403996,0.9503726300075845,0.8741203166967525
5,144,140,Scabiosa ochroleuca,4800,4800,0,3153,78825,1012.9796227857677,-121.7024904665003,0.9526162437043546,0.8551882120673033
5,145,153,Achillea clusiana,174,174,0,47,1175,353.37437352335877,-469.6365690777069,0.9541584917070628,0.9045336157985634
5,146,152,Allium senescens,260,260,0,136,3400,442.84611039314467,-435.4516783181372,0.9548277050445051,0.903288174590509
5,147,151,Ranunculus pyrenaeus,412,412,0,184,4600,-675.7782018736472,-979.0910841937588,0.9567033153396838,0.9007347361518584
5,148,149,Festuca filiformis,5992,5992,0,3143,78575,-467.22900655862185,-136.38417454525717,0.9576303101054288,0.8972880561342559
5,149,150,Festuca airoides,524,524,0,174,4350,-317.297576731119,-826.2165527675062,0.9587609153842646,0.9003844961512899
5,150,147,Potentilla incana,2066,2066,0,1323,33075,912.9450061770666,-73.695474671405,0.9618979740267841,0.8937111002323422
5,151,146,Saxifraga cernua,2688,2688,0,1252,31300,245.85676890380975,1590.5633013468482,0.9619575096278496,0.8925227259075437
5,152,145,Salvia nemorosa,3984,3984,0,2809,70225,1394.2240818971366,-89.78168188928399,0.9631147556137967,0.8787975468434595
5,153,148,Ranunculus pygmaeus,2092,2092,0,1145,28625,190.84899581896005,1520.9508553153275,0.9638369937964847,0.896870370296266
5,154,157,Festuca eskia,623,623,0,153,3825,-657.9674370646145,-1012.5139287361256,0.9649928845152613,0.9184061018295728
5,155,154,Linum suffruticosum,4380,4380,0,1842,46050,-931.3789617361125,-1230.1450965539887,0.9651538106671814,0.90606285179003
5,156,160,Festuca pallens,500,500,0,330,8250,228.50812346471236,-354.6445152607619,0.9676688538067582,0.9216724431383738
5,157,155,Saxifraga cespitosa,2401,2401,0,1340,33500,124.72408925351378,1482.4608436471187,0.968863952395801,0.9063304490064911
5,158,161,Pentanema ensifolium,861,861,0,553,13825,1064.9209795217287,-320.7278989853708,0.9716359120494859,0.9224064892521455
5,159,162,Erysimum odoratum,488,488,0,415,10375,237.1490684303708,-403.4741670868418,0.9717483740241885,0.9281041533262114
5,160,163,Festuca versicolor,88,88,0,45,1125,603.5252814901352,-340.47417075023947,0.972003672713717,0.9301527771029463
5,161,164,Festuca varia,43,43,0,33,825,372.44351232664724,-625.8192828383787,0.9730110201249945,0.9367175022467863
5,162,165,Festuca glauca,332,332,0,280,7000,-415.0508858376556,-724.516083346478,0.9739964163053471,0.9384766977193896
5,163,156,Verbascum phoeniceum,2471,2471,0,1814,45350,1279.184828595733,-147.87450634692405,0.9745576947788105,0.9130575002990184
5,164,159,Iris pumila,1791,1791,0,1085,27125,1779.8847945793627,-191.37881886050505,0.9765218675565128,0.9215287099605194
5,165,158,Artemisia austriaca,1945,1945,0,1391,34775,1897.8867954388352,96.85680105983243,0.9770494792521178,0.9211191379821605
5,166,167,Seseli osseum,206,206,0,132,3300,467.16747975967917,-375.9340159932572,0.9825712011377069,0.9496197091753038
5,167,166,Salvia nutans,1040,1040,0,701,17525,1788.6127150726875,-56.665463228667264,0.9830493774018199,0.9414662486546647
10,1,1,Phyteuma orbiculare,13877,13877,0,2568,256800,-136.37167204042365,-641.8318373687961,0.6862329920721943,0.3621241771466075
10,2,6,Sesleria caerulea,15828,15828,0,2417,241700,-192.04294145064347,-641.6053496797094,0.6927037353405472,0.39546200175490676
10,3,2,Hippocrepis comosa,25338,25338,0,4781,478100,-349.15827336186175,-607.2366637289151,0.6987998839102936,0.3660074905050773
10,4,20,Bellidiastrum michelii,7417,7417,0,1132,113200,-89.11149982019771,-659.3917800695367,0.7015337317856682,0.4491529959760781
10,5,19,Scabiosa lucida,6175,6175,0,1124,112400,-44.45341688909029,-620.7362250053354,0.7041717474996857,0.4441198118968752
10,6,12,Carex sempervirens,7709,7709,0,1155,115500,-93.8152545483707,-651.0540138881273,0.7061888069801674,0.4351042379694394
10,7,15,Galium anisophyllon,5936,5936,0,1130,113000,48.545851445461004,-583.7696747841609,0.709274498206527,0.44245463710262517
10,8,25,Campanula cochleariifolia,7148,7148,0,1225,122500,-12.878366669819433,-602.1628781692854,0.7131698513661116,0.4552683850188955
10,9,22,Potentilla aurea,8776,8776,0,1392,139200,16.031199920699457,-595.7797138223933,0.7145640584226396,0.45014236170061694
10,10,28,Geum montanum,9625,9625,0,1211,121100,-75.06273732898966,-668.221469202911,0.7159729288126601,0.45967617028471197
10,11,23,Teucrium montanum,12454,12454,0,2611,261100,-228.90544350258585,-710.6948298345477,0.7246024747688188,0.45156724130918424
10,12,34,Aster alpinus,6654,6654,0,1459,145900,-21.70950615837601,-616.0684092307164,0.7255131403552361,0.48268374898906585
10,13,35,Hornungia alpina,3646,3646,0,832,83200,-138.71409298726724,-662.1519714264821,0.7272050191672904,0.488300098162958
10,14,33,Agrostis rupestris,4464,4464,0,805,80500,-97.257250490589,-686.1925981083687,0.7273097719716831,0.48119121314308366
10,15,41,Helictochloa versicolor,3798,3798,0,701,70100,-72.25111428879828,-663.3214392172084,0.7338820519228898,0.512895754560065
10,16,43,Saxifraga androsacea,1907,1907,0,526,52600,-30.83222601728503,-629.9810018521406,0.7351167747763012,0.5247045628741784
10,17,38,Euphrasia minima,4358,4358,0,757,75700,-112.3266855190419,-683.5061069855793,0.7353919264075345,0.5033076015224193
10,18,11,Bromus erectus,36910,36910,0,5993,599300,-408.9045835212164,-579.0510769448324,0.7371976791486708,0.4350518608012539
10,19,18,Potentilla verna,24735,24735,0,5137,513700,-346.8142095586783,-569.0435685631245,0.7383275177752613,0.4436065465745609
10,20,8,Teucrium chamaedrys,37095,37095,0,6510,651000,-247.86705709535613,-757.5372211041569,0.738718343931004,0.4132353868425244
10,21,62,Festuca quadriflora,2389,2389,0,564,56400,-26.189996297653067,-620.1222077539204,0.7426232048226573,0.5459834163629286
10,22,46,Hieracium villosum,2380,2380,0,727,72700,-2.2950217043377883,-609.2160005776941,0.7430689081844869,0.5280188030448707
10,23,3,Plantago media,54872,54872,0,13087,1308700,-61.80315844782032,-137.3795980177346,0.7432051034499384,0.3762667040980136
10,24,17,Stachys recta,20586,20586,0,5294,529400,-153.96478889799258,-611.769513622419,0.7432827170453085,0.4431062127225525
10,25,5,Sedum album,39261,39261,0,9447,944700,-402.5241897157522,-477.5120147424321,0.7446033515299927,0.39025303935571953
10,26,27,Trifolium montanum,16891,16891,0,5131,513100,343.5372302816735,-225.52260069175207,0.7462503003504343,0.45925269171908284
10,27,7,Poterium sanguisorba,55001,55001,0,10277,1027700,-397.69982673779805,-553.6955822513277,0.7468461662908137,0.3990783670679997
10,28,4,Briza media,61027,61027,0,11944,1194400,-195.1813351640271,-91.27102691509943,0.7469922780506382,0.3896238066373809
10,29,10,Poa alpina,21827,21827,0,4532,453200,37.36484839114611,375.7068362735613,0.7474774187191336,0.43285894479821097
10,30,52,Leucanthemopsis alpina,4706,4706,0,765,76500,-108.47990598692027,-669.0813076535338,0.7509197060980984,0.5395578723630122
10,31,68,Gentiana bavarica,3085,3085,0,611,61100,-3.3965685777877344,-598.9983275386601,0.7517282603220072,0.55986252650017
10,32,16,Thymus pulegioides,22391,22391,0,6940,694000,-113.99867113713707,-391.65120257933046,0.7525470323916862,0.4424629904345919
10,33,67,Veronica bellidioides,2608,2608,0,572,57200,-111.07832045663837,-679.3443839499813,0.7527335136353479,0.5591708627014758
10,34,60,Sedum alpestre,3131,3131,0,694,69400,-146.48171314070592,-708.2408329496899,0.7529870440696053,0.5454003319898937
10,35,65,Luzula alpinopilosa,3018,3018,0,598,59800,-33.71599247551582,-633.2028886532136,0.7535132352916654,0.5569708695067077
10,36,30,Scabiosa columbaria,22530,22530,0,5778,577800,-421.26261879573826,-431.4638057601979,0.7540804819292173,0.46742445769299357
10,37,63,Mutellina adonidifolia,3368,3368,0,655,65500,64.09585797683594,-568.5603716372223,0.7548295480080568,0.5493934656427953
10,38,59,Phyteuma hemisphaericum,5021,5021,0,856,85600,-147.34848963705437,-683.8919427424657,0.7549149183626177,0.5452479606983295
10,39,32,Dryas octopetala,17673,17673,0,3045,304500,-1.5401938289644728,269.05808206682434,0.7568785955169911,0.4752406651539744
10,40,9,Euphorbia cyparissias,67936,67936,0,13530,1353000,-37.41849762106488,-429.8013492180152,0.7577681719386339,0.41612260717510713
10,41,13,Leontodon hispidus,44139,44139,0,9466,946600,-197.58090650986497,-162.74076687107078,0.7606491428306185,0.43525454141502706
10,42,29,Brachypodium pinnatum,40120,40120,0,7696,769600,-322.89088088511255,-489.0735439713766,0.7615634221382362,0.4652131555499966
10,43,73,Alchemilla fissa,1428,1428,0,406,40600,-114.66672265093524,-676.513424920346,0.7635588228529337,0.5872822707333013
10,44,14,Linum catharticum,44417,44417,0,9641,964100,-354.50393277789334,15.352027812788663,0.7644014362854258,0.43781707876717846
10,45,72,Carex curvula,2917,2917,0,501,50100,-104.66555185118162,-675.7603947898891,0.7645616423204915,0.5823281498936282
10,46,31,Salvia pratensis,38030,38030,0,8717,871700,-117.32574789652813,-531.7691887908315,0.7648412726872709,0.46788493621856303
10,47,51,Euphrasia salisburgensis,3741,3741,0,1045,104500,85.07907734730324,-136.15613456803968,0.7657344652833866,0.539367412322871
10,48,69,Leontopodium nivale,4627,4627,0,996,99600,-59.926400748547834,-662.0062554489301,0.7675075554060022,0.5758783867708754
10,49,57,Globularia bisnagarica,10117,10117,0,2555,255500,-307.33569258004246,-721.0915509312943,0.7682871223385475,0.5420531369851016
10,50,37,Cynanchica pyrenaica,14245,14245,0,4162,416200,-347.8914269829018,-561.0927803425701,0.7719458804436727,0.497606884686412
10,51,83,Omalotheca hoppeana,999,999,0,386,38600,-70.249358422944,-659.256357082761,0.7730455651878458,0.6029584046792147
10,52,24,Centaurea scabiosa,42766,42766,0,10830,1083000,-22.017164508537736,-12.262751048559656,0.7731186452451987,0.4527929253340462
10,53,44,Melica ciliata,10110,10110,0,2768,276800,-402.05554911356194,-841.8008272594,0.773440209303331,0.5250020535546228
10,54,48,Koeleria pyramidata,8040,8040,0,3077,307700,-98.99723803619328,-531.2233815904071,0.7767573490206151,0.5339087973752966
10,55,81,Trifolium alpinum,7421,7421,0,809,80900,-281.98721979880344,-751.1948004797323,0.7773942964299058,0.5991774792709967
10,56,36,Viola hirta,25803,25803,0,7249,724900,-146.21013131327732,-183.3391136803075,0.7797974054241081,0.4950656104481748
10,57,26,Arenaria serpyllifolia,43708,43708,0,10629,1062900,-151.3031932756918,-11.171390943841985,0.7816477024478212,0.4552889807965776
10,58,79,Saxifraga caesia,2366,2366,0,572,57200,93.74592135573083,-578.0875068346784,0.7821909686356375,0.596462967395469
10,59,78,Ranunculus alpestris,2677,2677,0,576,57600,86.00489863730229,-546.2697144153088,0.7826677958761523,0.5955982313248479
10,60,54,Alyssum alyssoides,12396,12396,0,2800,280000,-302.6448079049095,-758.4408593132537,0.7836534212372265,0.5409991976141828
10,61,47,Carex humilis,9778,9778,0,2405,240500,-304.6732913964713,-754.8131283871388,0.7836926302419912,0.5285021462779643
10,62,89,Potentilla brauneana,770,770,0,303,30300,27.851027502424376,-603.1585264331301,0.7837934400525268,0.6225485860731261
10,63,70,Cirsium acaulon,6263,6263,0,2398,239800,-412.9431033184653,-588.4530260694537,0.7847858159447173,0.5787084284596711
10,64,76,Gentiana clusii,3807,3807,0,802,80200,101.26219804269681,-542.9199971748311,0.784995118136731,0.5922080544640138
10,65,45,Veronica alpina,11143,11143,0,2474,247400,35.03277510257842,629.9833583206469,0.7863496418119427,0.5252195950564422
10,66,61,Arnica montana,24670,24670,0,3785,378500,24.440380600214787,-56.90724481446244,0.78643382982109,0.5458637547408575
10,67,88,Scorzoneroides helvetica,2706,2706,0,612,61200,79.76167497705656,-568.9547766059584,0.7866242242684202,0.6186409497987007
10,68,55,Sagina saginoides,5238,5238,0,2071,207100,13.892910088380315,480.97347977381315,0.7886276041938723,0.541293217775453
10,69,106,Pilosella glacialis,977,977,0,340,34000,-138.5692206845899,-700.0900822093904,0.7913768418425878,0.6525685619992415
10,70,103,Arenaria biflora,1205,1205,0,372,37200,-54.6960316632157,-634.5407597635559,0.7954903763302759,0.6464218371507694
10,71,49,Clinopodium acinos,14230,14230,0,5394,539400,28.973394168752254,15.219879770220519,0.796983282997505,0.5364465677031551
10,72,96,Helianthemum alpestre,1627,1627,0,466,46600,133.6324172862946,-558.8537714830304,0.7972473345284738,0.6333686414958204
10,73,99,Achillea atrata,1475,1475,0,407,40700,96.39354033458002,-548.9442121699548,0.7986802380503495,0.6432018484115789
10,74,85,Fumana procumbens,6098,6098,0,1609,160900,-438.4023932279705,-834.1495251186178,0.8002329359523135,0.6075974794776138
10,75,21,Galium verum,112708,112708,0,20559,2055900,-96.45614322421423,77.82982394698338,0.8003231522153758,0.44983160831138236
10,76,94,Helianthemum italicum,6489,6489,0,679,67900,-314.86483509903866,-845.56880907395,0.8003973740897323,0.6314577009287149
10,77,77,Koeleria vallesiana,10872,10872,0,1493,149300,-619.4907185065732,-1019.7014488080162,0.8004153468125863,0.5935078840730094
10,78,114,Arabis caerulea,723,723,0,272,27200,-45.80122712803017,-625.0763908828823,0.8057465863505915,0.6772595565894504
10,79,95,Carex firma,2268,2268,0,507,50700,195.37617348407883,-523.3123693438262,0.8062973741637603,0.633137691361679
10,80,87,Hieracium alpinum,3197,3197,0,1048,104800,63.168088326833676,62.176248554394576,0.8069223339582664,0.614173187303068
10,81,64,Micranthes stellaris,13476,13476,0,3069,306900,-33.22922362027195,575.0982681794038,0.8082431962549954,0.5509247855482957
10,82,100,Trinia glauca,3593,3593,0,929,92900,-365.58775230373743,-803.5078014068687,0.8092668389216247,0.6433214566239278
10,83,39,Knautia arvensis,92894,92894,0,17584,1758400,67.76184264915918,255.3193084364614,0.812998795131457,0.503416049434485
10,84,86,Carex halleriana,15751,15751,0,2302,230200,-589.0345032386548,-988.8955316848976,0.8145638514036279,0.6089536351961516
10,85,42,Draba verna,40743,40743,0,10405,1040500,-185.9043448760877,-63.66874503730351,0.8150302008973133,0.5179524285159219
10,86,58,Eryngium campestre,44071,44071,0,8448,844800,-366.89139467348383,-795.0794561066206,0.8161093324131369,0.5443578726699556
10,87,40,Sedum acre,54538,54538,0,14985,1498500,-17.789163975290837,169.21129829581452,0.8164651654827297,0.5034716807006987
10,88,92,Ranunculus glacialis,6215,6215,0,1256,125600,11.897975052783632,514.1832155574126,0.817766722492717,0.6268070513544013
10,89,109,Festuca marginata,5113,5113,0,1034,103400,-415.662967133329,-771.1655595818698,0.8179089752823049,0.6684708106341327
10,90,98,Astragalus monspessulanus,7349,7349,0,1587,158700,-492.877452920431,-930.7077353943839,0.8186857509604304,0.6392472824845931
10,91,115,Soldanella pusilla,2026,2026,0,438,43800,117.16480767320311,-556.5265627914735,0.8189400225359618,0.6840329496021131
10,92,82,Sibbaldia procumbens,9793,9793,0,2252,225200,-6.265202855817245,784.1948187027012,0.8207992719964371,0.59932159735479
10,93,75,Saxifraga tridactylites,14633,14633,0,5045,504500,-377.6230830533944,-343.9388936514797,0.8208543436009642,0.5915874701868382
10,94,91,Polygala comosa,6414,6414,0,3093,309300,441.657697759013,-185.69840746529576,0.8214945480140349,0.6264858144456193
10,95,84,Dichodon cerastoides,5912,5912,0,1852,185200,55.51332800794503,754.9843645161862,0.8234476643156061,0.605615602336971
10,96,108,Primula auricula,3602,3602,0,704,70400,61.36376684085558,-559.6366190696497,0.8240723360328686,0.6647357065781588
10,97,80,Salix herbacea,16204,16204,0,3223,322300,-15.272652733537079,830.1745402809728,0.8256201363791509,0.5969636842172003
10,98,90,Anthericum ramosum,7695,7695,0,2788,278800,182.68515432784804,-395.43540261933504,0.8263061912389563,0.6243074287739624
10,99,93,Bothriochloa ischaemum,6406,6406,0,2170,217000,-76.62089835313085,-738.6964771118027,0.8263104170605671,0.6277194212663384
10,100,102,Hornungia petraea,6780,6780,0,1273,127300,-577.9568142452509,-978.4403187823277,0.8271823397422992,0.6460130778971828
10,101,53,Pimpinella saxifraga,75762,75762,0,14648,1464800,83.1248483006943,371.1037486553524,0.8271932546923362,0.5407252317887744
10,102,111,Lavandula angustifolia,8877,8877,0,1456,145600,-351.24733724691197,-824.0536594048615,0.8275693106681179,0.6700926523407316
10,103,50,Nardus stricta,76666,76666,0,12572,1257200,-85.4315696632035,524.1751189193589,0.8286045262337594,0.5389670179833672
10,104,117,Anthyllis montana,4296,4296,0,745,74500,-438.86208646837895,-884.0883729046349,0.8294797434146163,0.6867342599455105
10,105,74,Medicago falcata,13223,13223,0,5763,576300,642.8568037526725,-47.4180867320828,0.8306696884103363,0.590780443908156
10,106,105,Helianthemum apenninum,8940,8940,0,2015,201500,-561.4475058852872,-910.162849283032,0.8308499551725361,0.6516846575553118
10,107,124,Alchemilla pentaphyllea,1190,1190,0,245,24500,-231.36310288388793,-713.6169754250762,0.8312706415632309,0.7311895838028876
10,108,107,Coronilla minima,9939,9939,0,1782,178200,-649.7564804045315,-1001.3060456907017,0.8349973536348361,0.6566522326649306
10,109,56,Potentilla erecta,167345,167345,0,20275,2027500,-93.21526558407948,447.75077359436136,0.839074484291871,0.5416984561967931
10,110,71,Luzula campestris,77960,77960,0,12518,1251800,-293.2463646326075,107.77822753486933,0.8399093939556895,0.5804784995677504
10,111,119,Pedicularis rostratocapitata,1238,1238,0,293,29300,211.21565751598382,-523.0274526619314,0.840009670682804,0.7039428363638334
10,112,120,Gentiana alpina,1435,1435,0,378,37800,-399.9125436572597,-826.9866513344956,0.8404423815456271,0.7138420923701893
10,113,104,Helictochloa pratensis,15689,15689,0,3366,336600,3.396198733727334,218.50638784357363,0.842925848711269,0.6483557346397967
10,114,97,Oxyria digyna,10954,10954,0,2710,271000,-53.151348266264534,871.9376734899847,0.8437295412570233,0.6353409012401984
10,115,110,Cardamine bellidifolia,3434,3434,0,1169,116900,94.67972384825123,888.4347512666372,0.8462989926661534,0.6691907893521182
10,116,66,Agrostis capillaris,170701,170701,0,20862,2086200,-68.45878747138244,430.9994239940666,0.8465396466116905,0.5586780900786004
10,117,125,Androsace chamaejasme,1071,1071,0,301,30100,108.4839857907376,-536.7631491533898,0.8481590617351468,0.7364294993709133
10,118,123,Oreochloa disticha,1271,1271,0,279,27900,208.92579251108475,-528.2376041157239,0.8494792548428572,0.730615071824473
10,119,112,Thymus vulgaris,26836,26836,0,2619,261900,-581.9030688079214,-1019.0424354864284,0.8510944700532378,0.6714336753486045
10,120,127,Onobrychis supina,2471,2471,0,493,49300,-412.47342615636853,-885.3557772100555,0.8595447572085545,0.7394208801201212
10,121,126,Carex mucronata,1157,1157,0,296,29600,232.3431401068377,-519.6714692394951,0.859787784798517,0.737234963525801
10,122,101,Danthonia decumbens,42618,42618,0,8920,892000,-230.71827099296675,242.8778433711255,0.8634292754134224,0.6434946525230246
10,123,128,Leontodon incanus,1184,1184,0,352,35200,276.958907756069,-482.25016928668293,0.864896649953479,0.7415174205717519
10,124,121,Aphyllanthes monspeliensis,22342,22342,0,1671,167100,-576.6897182004172,-999.9636512837346,0.8667019942871127,0.7140549223178236
10,125,122,Seseli montanum,6799,6799,0,2013,201300,-584.2617109088743,-709.7296178937778,0.8673291382631697,0.7305684359607046
10,126,129,Primula minima,1878,1878,0,260,26000,243.88351524229802,-534.0775886497903,0.8679733309518302,0.7604922201717523
10,127,118,Thymus serpyllum,12362,12362,0,4022,402200,249.71646153304692,358.22420493673286,0.8689375369149249,0.6951033718038216
10,128,130,Thesium divaricatum,1719,1719,0,543,54300,-484.3681229008168,-867.6667842333165,0.8714613251346354,0.7652940190523231
10,129,116,Fragaria viridis,10953,10953,0,5103,510300,869.7898236038451,254.56146072172015,0.8759622071369639,0.6857774003793748
10,130,113,Carex pilulifera,64336,64336,0,10678,1067800,-206.32957814163086,220.53616421111695,0.8810838568460977,0.6738495606912899
10,131,134,Crepis jacquinii,419,419,0,148,14800,273.2800023297122,-489.6790262013541,0.8836017487044571,0.7845167187357369
10,132,132,Helianthemum canum,1843,1843,0,618,61800,-533.2442820673307,-923.8057361923146,0.8854034045706887,0.7795834263524974
10,133,136,Inula montana,1788,1788,0,234,23400,-314.4539871238373,-875.4494423487178,0.8904807498625528,0.8067138491688813
10,134,137,Thesium humifusum,1660,1660,0,254,25400,-307.2437310628223,-880.3741178308761,0.8918948775289167,0.8073700640582668
10,135,139,Ononis striata,1110,1110,0,320,32000,-486.1402726633321,-877.8774929161413,0.8949454410697877,0.8107229393897544
10,136,135,Festuca valesiaca,2715,2715,0,1180,118000,1021.1229515090787,-309.739776704657,0.8990224232537429,0.7892407994547802
10,137,133,Stipa capillata,3930,3930,0,1747,174700,1212.8851025295473,-223.38959388728713,0.9098025293577886,0.7833968068065706
10,138,131,Falcaria vulgaris,6114,6114,0,3026,302600,733.207485751794,-182.88172518512445,0.9148589291262642,0.7747936224310091
10,139,143,Trisetum alpestre,479,479,0,116,11600,294.58300407296076,-489.04126330059626,0.9152890280826862,0.8310688456472543
10,140,138,Centaurea stoebe,3934,3934,0,2021,202100,587.1142877874447,-136.57631531153348,0.9206852700582705,0.8086160990059807
10,141,142,Sempervivum globiferum,1650,1650,0,856,85600,661.5274174544015,25.326929896403996,0.9234656925617407,0.8262714635054403
10,142,146,Campanula alpina,600,600,0,131,13100,492.11979045646177,-446.02000574477387,0.9283329609731111,0.8519828284035054
10,143,145,Festuca filiformis,5992,5992,0,2057,205700,-467.22900655862185,-136.38417454525717,0.9293032818484723,0.8432717768190349
10,144,140,Galium saxatile,49240,49240,0,5256,525600,-514.6730295818396,308.9062813569415,0.9299559601665617,0.8117053184739913
10,145,141,Scabiosa ochroleuca,4800,4800,0,2387,238700,1012.9796227857677,-121.7024904665003,0.9347272954413903,0.8186083433394201
10,146,148,Allium senescens,260,260,0,109,10900,442.84611039314467,-435.4516783181372,0.9360382302413743,0.8752974779455653
10,147,150,Ranunculus pyrenaeus,412,412,0,111,11100,-675.7782018736472,-979.0910841937588,0.9394740810725634,0.8770684650750303
10,148,157,Achillea clusiana,174,174,0,29,2900,353.37437352335877,-469.6365690777069,0.9421833867568742,0.8879970041637679
10,149,158,Festuca glauca,332,332,0,237,23700,-415.0508858376556,-724.516083346478,0.9453038586645635,0.8932799822589936
10,150,156,Festuca pallens,500,500,0,252,25200,228.50812346471236,-354.6445152607619,0.9454296366292064,0.8877000612398562
10,151,144,Salvia nemorosa,3984,3984,0,2242,224200,1394.2240818971366,-89.78168188928399,0.9464963471140073,0.8415630385404946
10,152,154,Festuca airoides,524,524,0,105,10500,-317.297576731119,-826.2165527675062,0.9472175138942532,0.8834871498408648
10,153,147,Potentilla incana,2066,2066,0,1045,104500,912.9450061770666,-73.695474671405,0.9496913556629932,0.8715063429374696
10,154,159,Erysimum odoratum,488,488,0,355,35500,237.1490684303708,-403.4741670868418,0.9511025213479577,0.8947192344925127
10,155,153,Linum suffruticosum,4380,4380,0,1110,111000,-931.3789617361125,-1230.1450965539887,0.9524285298692794,0.8826274148958798
10,156,149,Saxifraga cernua,2688,2688,0,797,79700,245.85676890380975,1590.5633013468482,0.953085144636552,0.8756642752252212
10,157,151,Ranunculus pygmaeus,2092,2092,0,768,76800,190.84899581896005,1520.9508553153275,0.9548762407929925,0.8776822187603213
10,158,161,Festuca versicolor,88,88,0,33,3300,603.5252814901352,-340.47417075023947,0.9559905339722686,0.9032069184034037
10,159,165,Festuca varia,43,43,0,29,2900,372.44351232664724,-625.8192828383787,0.956274702720042,0.9114425514685288
10,160,164,Festuca eskia,623,623,0,75,7500,-657.9674370646145,-1012.5139287361256,0.9562944163715877,0.9078778620806806
10,161,152,Saxifraga cespitosa,2401,2401,0,968,96800,124.72408925351378,1482.4608436471187,0.9586313112214554,0.8824818678317917
10,162,160,Pentanema ensifolium,861,861,0,438,43800,1064.9209795217287,-320.7278989853708,0.9611095811498014,0.9026009715247081
10,163,155,Verbascum phoeniceum,2471,2471,0,1492,149200,1279.184828595733,-147.87450634692405,0.9619677114365636,0.8853381091569259
10,164,163,Iris pumila,1791,1791,0,855,85500,1779.8847945793627,-191.37881886050505,0.9694089701628248,0.9074024790068324
10,165,162,Artemisia austriaca,1945,1945,0,1120,112000,1897.8867954388352,96.85680105983243,0.9704120248709321,0.9065476799975701
10,166,167,Seseli osseum,206,206,0,107,10700,467.16747975967917,-375.9340159932572,0.9739614433644259,0.9369111315610321
10,167,166,Salvia nutans,1040,1040,0,563,56300,1788.6127150726875,-56.665463228667264,0.9786097202278764,0.9328063243747431
20,1,1,Phyteuma orbiculare,13877,13877,0,1145,458000,-136.37167204042365,-641.8318373687961,0.6249475123863534,0.3014446079626814
20,2,6,Sesleria caerulea,15828,15828,0,1059,423600,-192.04294145064347,-641.6053496797094,0.6366166067304427,0.3409563959053502
20,3,4,Hippocrepis comosa,25338,25338,0,2007,802800,-349.15827336186175,-607.2366637289151,0.6459583336017678,0.31812880754761574
20,4,21,Scabiosa lucida,6175,6175,0,499,199600,-44.45341688909029,-620.7362250053354,0.6521930843096971,0.3966521905861041
20,5,28,Bellidiastrum michelii,7417,7417,0,410,164000,-89.11149982019771,-659.3917800695367,0.6532471677603674,0.41190505633200336
20,6,23,Carex sempervirens,7709,7709,0,470,188000,-93.8152545483707,-651.0540138881273,0.6571953447545802,0.3988127318711446
20,7,25,Galium anisophyllon,5936,5936,0,447,178800,48.545851445461004,-583.7696747841609,0.6579344009641331,0.4001572373805574
20,8,29,Campanula cochleariifolia,7148,7148,0,468,187200,-12.878366669819433,-602.1628781692854,0.6607661473099246,0.4127725799679667
20,9,27,Potentilla aurea,8776,8776,0,591,236400,16.031199920699457,-595.7797138223933,0.661386479097127,0.40717861866781424
20,10,31,Geum montanum,9625,9625,0,498,199200,-75.06273732898966,-668.221469202911,0.6652294432858069,0.4218062369863328
20,11,32,Aster alpinus,6654,6654,0,721,288400,-21.70950615837601,-616.0684092307164,0.6683906913531786,0.42470940915162736
20,12,17,Teucrium montanum,12454,12454,0,1222,488800,-228.90544350258585,-710.6948298345477,0.6686762457590514,0.3876877279016053
20,13,35,Hornungia alpina,3646,3646,0,378,151200,-138.71409298726724,-662.1519714264821,0.6688686405871245,0.42746711446516716
20,14,38,Agrostis rupestris,4464,4464,0,354,141600,-97.257250490589,-686.1925981083687,0.6745786544677836,0.43367206550832954
20,15,47,Saxifraga androsacea,1907,1907,0,232,92800,-30.83222601728503,-629.9810018521406,0.6789480453166299,0.46312061807917937
20,16,44,Euphrasia minima,4358,4358,0,345,138000,-112.3266855190419,-683.5061069855793,0.6808971694076588,0.4521571522486668
20,17,49,Helictochloa versicolor,3798,3798,0,305,122000,-72.25111428879828,-663.3214392172084,0.6839948557241261,0.46763587086525504
20,18,45,Hieracium villosum,2380,2380,0,337,134800,-2.2950217043377883,-609.2160005776941,0.6846896049147441,0.46160634773042
20,19,12,Trifolium montanum,16891,16891,0,2985,1194000,343.5372302816735,-225.52260069175207,0.6854495019416891,0.3779240987122251
20,20,53,Festuca quadriflora,2389,2389,0,244,97600,-26.189996297653067,-620.1222077539204,0.6867371633320554,0.48360100123344996
20,21,2,Plantago media,54872,54872,0,6365,2546000,-61.80315844782032,-137.3795980177346,0.6870489273109704,0.30654412396022446
20,22,9,Teucrium chamaedrys,37095,37095,0,3276,1310400,-247.86705709535613,-757.5372211041569,0.6874803340211316,0.3576543911738405
20,23,11,Stachys recta,20586,20586,0,2646,1058400,-153.96478889799258,-611.769513622419,0.6876825574870398,0.3774619939062094
20,24,3,Sedum album,39261,39261,0,4412,1764800,-402.5241897157522,-477.5120147424321,0.6878762687123081,0.3174524591563505
20,25,16,Bromus erectus,36910,36910,0,2543,1017200,-408.9045835212164,-579.0510769448324,0.6892034782552341,0.3856625620130291
20,26,10,Thymus pulegioides,22391,22391,0,3454,1381600,-113.99867113713707,-391.65120257933046,0.6909678637348811,0.3614618302548077
20,27,18,Potentilla verna,24735,24735,0,2204,881600,-346.8142095586783,-569.0435685631245,0.6912345675021451,0.3944708041967536
20,28,7,Poterium sanguisorba,55001,55001,0,4515,1806000,-397.69982673779805,-553.6955822513277,0.6974579610095499,0.3482660822888601
20,29,5,Briza media,61027,61027,0,5135,2054000,-195.1813351640271,-91.27102691509943,0.6980965415302351,0.33770598737287993
20,30,55,Sedum alpestre,3131,3131,0,298,119200,-146.48171314070592,-708.2408329496899,0.6998000047226259,0.4929597162841126
20,31,8,Euphorbia cyparissias,67936,67936,0,5877,2350800,-37.41849762106488,-429.8013492180152,0.7002919919701037,0.3513873560709308
20,32,68,Alchemilla fissa,1428,1428,0,197,78800,-114.66672265093524,-676.513424920346,0.7017764135611358,0.512652849404702
20,33,26,Scabiosa columbaria,22530,22530,0,2506,1002400,-421.26261879573826,-431.4638057601979,0.7019831448623016,0.4064543953879399
20,34,61,Leucanthemopsis alpina,4706,4706,0,318,127200,-108.47990598692027,-669.0813076535338,0.70243031830809,0.4971889490485225
20,35,62,Phyteuma hemisphaericum,5021,5021,0,357,142800,-147.34848963705437,-683.8919427424657,0.703240549347411,0.49873711556719535
20,36,70,Omalotheca hoppeana,999,999,0,189,75600,-70.249358422944,-659.256357082761,0.7034544402543642,0.5136606585159337
20,37,71,Veronica bellidioides,2608,2608,0,225,90000,-111.07832045663837,-679.3443839499813,0.704154697298229,0.514779143418901
20,38,22,Poa alpina,21827,21827,0,2006,802400,37.36484839114611,375.7068362735613,0.7042609667424403,0.39697021330876336
20,39,67,Luzula alpinopilosa,3018,3018,0,243,97200,-33.71599247551582,-633.2028886532136,0.7050201460865249,0.5123719921684065
20,40,24,Salvia pratensis,38030,38030,0,3821,1528400,-117.32574789652813,-531.7691887908315,0.7057562876471841,0.39941063333577687
20,41,33,Dryas octopetala,17673,17673,0,1480,592000,-1.5401938289644728,269.05808206682434,0.7076926875080902,0.4250983066217447
20,42,65,Leontopodium nivale,4627,4627,0,462,184800,-59.926400748547834,-662.0062554489301,0.7086185546962858,0.5104293081664621
20,43,74,Gentiana bavarica,3085,3085,0,229,91600,-3.3965685777877344,-598.9983275386601,0.708891798126902,0.5217432850706247
20,44,14,Leontodon hispidus,44139,44139,0,4179,1671600,-197.58090650986497,-162.74076687107078,0.7114507044674473,0.3809118717417242
20,45,39,Koeleria pyramidata,8040,8040,0,1617,646800,-98.99723803619328,-531.2233815904071,0.7117670927055246,0.43793812709202906
20,46,30,Brachypodium pinnatum,40120,40120,0,3214,1285600,-322.89088088511255,-489.0735439713766,0.7129388210301385,0.4136038230124673
20,47,69,Mutellina adonidifolia,3368,3368,0,272,108800,64.09585797683594,-568.5603716372223,0.7134389865193479,0.5127610678754653
20,48,76,Potentilla brauneana,770,770,0,164,65600,27.851027502424376,-603.1585264331301,0.714203945078739,0.5286220907330441
20,49,50,Globularia bisnagarica,10117,10117,0,1280,512000,-307.33569258004246,-721.0915509312943,0.714661141323749,0.4720785830873773
20,50,51,Euphrasia salisburgensis,3741,3741,0,499,199600,85.07907734730324,-136.15613456803968,0.7148028680614291,0.47780519079332273
20,51,41,Melica ciliata,10110,10110,0,1497,598800,-402.05554911356194,-841.8008272594,0.7159398790510791,0.44601607710953756
20,52,13,Linum catharticum,44417,44417,0,4168,1667200,-354.50393277789334,15.352027812788663,0.717457054384779,0.3808945919419651
20,53,80,Carex curvula,2917,2917,0,207,82800,-104.66555185118162,-675.7603947898891,0.7195130870320793,0.540174301086342
20,54,36,Cynanchica pyrenaica,14245,14245,0,2043,817200,-347.8914269829018,-561.0927803425701,0.7202130056813807,0.4279010844680676
20,55,15,Centaurea scabiosa,42766,42766,0,5378,2151200,-22.017164508537736,-12.262751048559656,0.7216606832056603,0.38337087893236277
20,56,58,Cirsium acaulon,6263,6263,0,1226,490400,-412.9431033184653,-588.4530260694537,0.7265053074044671,0.4950460021740589
20,57,77,Saxifraga caesia,2366,2366,0,259,103600,93.74592135573083,-578.0875068346784,0.727083141423455,0.5307252242042473
20,58,34,Viola hirta,25803,25803,0,3395,1358000,-146.21013131327732,-183.3391136803075,0.728597827552163,0.4257650594212772
20,59,42,Carex humilis,9778,9778,0,1270,508000,-304.6732913964713,-754.8131283871388,0.7292956623212463,0.45059676633151624
20,60,87,Trifolium alpinum,7421,7421,0,310,124000,-281.98721979880344,-751.1948004797323,0.7299018722941767,0.5582015362108182
20,61,48,Alyssum alyssoides,12396,12396,0,1588,635200,-302.6448079049095,-758.4408593132537,0.7330420666059664,0.4654782569467506
20,62,56,Arnica montana,24670,24670,0,1564,625600,24.440380600214787,-56.90724481446244,0.7355953371878322,0.49348728340703
20,63,19,Arenaria serpyllifolia,43708,43708,0,4833,1933200,-151.3031932756918,-11.171390943841985,0.7361366808933494,0.39467597018831685
20,64,37,Clinopodium acinos,14230,14230,0,3097,1238800,28.973394168752254,15.219879770220519,0.7373520250570827,0.4309319518340743
20,65,84,Ranunculus alpestris,2677,2677,0,257,102800,86.00489863730229,-546.2697144153088,0.7385441033281533,0.5474454062162887
20,66,99,Pilosella glacialis,977,977,0,151,60400,-138.5692206845899,-700.0900822093904,0.7388710728442313,0.5895738073376706
20,67,83,Gentiana clusii,3807,3807,0,340,136000,101.26219804269681,-542.9199971748311,0.7393647031597081,0.5449521316551266
20,68,52,Sagina saginoides,5238,5238,0,1059,423600,13.892910088380315,480.97347977381315,0.7404814124842919,0.47983016294872527
20,69,96,Arenaria biflora,1205,1205,0,165,66000,-54.6960316632157,-634.5407597635559,0.7406005804807482,0.581787283601252
20,70,54,Veronica alpina,11143,11143,0,1080,432000,35.03277510257842,629.9833583206469,0.7474227173770911,0.49115293821725114
20,71,97,Scorzoneroides helvetica,2706,2706,0,256,102400,79.76167497705656,-568.9547766059584,0.7480555275537621,0.5825597479349353
20,72,106,Arabis caerulea,723,723,0,134,53600,-45.80122712803017,-625.0763908828823,0.7488755075807981,0.6013886733799183
20,73,78,Fumana procumbens,6098,6098,0,828,331200,-438.4023932279705,-834.1495251186178,0.7491259977935366,0.5356849260416802
20,74,91,Helianthemum alpestre,1627,1627,0,220,88000,133.6324172862946,-558.8537714830304,0.7499884664297327,0.574400122593916
20,75,98,Achillea atrata,1475,1475,0,181,72400,96.39354033458002,-548.9442121699548,0.7534062031644937,0.588824814935217
20,76,20,Galium verum,112708,112708,0,9185,3674000,-96.45614322421423,77.82982394698338,0.7553843468926493,0.39600711828215734
20,77,73,Polygala comosa,6414,6414,0,2025,810000,441.657697759013,-185.69840746529576,0.7557843179040384,0.5177805336753163
20,78,93,Trinia glauca,3593,3593,0,493,197200,-365.58775230373743,-803.5078014068687,0.7605658756545167,0.5754522199968869
20,79,85,Hieracium alpinum,3197,3197,0,582,232800,63.168088326833676,62.176248554394576,0.76123924559706,0.5536152491292957
20,80,86,Koeleria vallesiana,10872,10872,0,681,272400,-619.4907185065732,-1019.7014488080162,0.7656580366094968,0.5561603666900089
20,81,100,Carex firma,2268,2268,0,227,90800,195.37617348407883,-523.3123693438262,0.7659860417852503,0.5896400712686384
20,82,66,Micranthes stellaris,13476,13476,0,1288,515200,-33.22922362027195,575.0982681794038,0.7682061041422645,0.5123351874562113
20,83,103,Helianthemum italicum,6489,6489,0,310,124000,-314.86483509903866,-845.56880907395,0.768515381302814,0.5992266250101131
20,84,81,Anthericum ramosum,7695,7695,0,1610,644000,182.68515432784804,-395.43540261933504,0.7708704714313668,0.5420588660859639
20,85,43,Knautia arvensis,92894,92894,0,7742,3096800,67.76184264915918,255.3193084364614,0.7712739121400846,0.45215538050224774
20,86,82,Bothriochloa ischaemum,6406,6406,0,1237,494800,-76.62089835313085,-738.6964771118027,0.7719790035315149,0.5434881610308755
20,87,40,Sedum acre,54538,54538,0,7259,2903600,-17.789163975290837,169.21129829581452,0.7737783187573247,0.44072669514220053
20,88,72,Saxifraga tridactylites,14633,14633,0,2490,996000,-377.6230830533944,-343.9388936514797,0.7739628484041575,0.5151587157714331
20,89,46,Draba verna,40743,40743,0,4592,1836800,-185.9043448760877,-63.66874503730351,0.7745667082193869,0.46289718566460986
20,90,94,Astragalus monspessulanus,7349,7349,0,758,303200,-492.877452920431,-930.7077353943839,0.775139551475215,0.5814253399619579
20,91,60,Medicago falcata,13223,13223,0,3611,1444400,642.8568037526725,-47.4180867320828,0.7757044499670931,0.49698078848550187
20,92,95,Ranunculus glacialis,6215,6215,0,551,220400,11.897975052783632,514.1832155574126,0.7772728059516403,0.5816001972979769
20,93,110,Primula auricula,3602,3602,0,329,131600,61.36376684085558,-559.6366190696497,0.7807544879008506,0.6158449031081399
20,94,64,Eryngium campestre,44071,44071,0,4137,1654800,-366.89139467348383,-795.0794561066206,0.7808421580026402,0.5072043087735036
20,95,113,Festuca marginata,5113,5113,0,452,180800,-415.662967133329,-771.1655595818698,0.7815663216745518,0.6241720839583454
20,96,92,Carex halleriana,15751,15751,0,1059,423600,-589.0345032386548,-988.8955316848976,0.7819720397879549,0.5747775778682638
20,97,119,Soldanella pusilla,2026,2026,0,179,71600,117.16480767320311,-556.5265627914735,0.7847509216369424,0.6487793068548509
20,98,88,Dichodon cerastoides,5912,5912,0,936,374400,55.51332800794503,754.9843645161862,0.7852721087589501,0.5597174796221637
20,99,109,Lavandula angustifolia,8877,8877,0,913,365200,-351.24733724691197,-824.0536594048615,0.7854248446432962,0.6079994419252416
20,100,90,Sibbaldia procumbens,9793,9793,0,1005,402000,-6.265202855817245,784.1948187027012,0.7868905096818619,0.5663731792416854
20,101,118,Gentiana alpina,1435,1435,0,201,80400,-399.9125436572597,-826.9866513344956,0.7872889295031791,0.6468456972343134
20,102,116,Anthyllis montana,4296,4296,0,379,151600,-438.86208646837895,-884.0883729046349,0.7877838762904888,0.6287136217276051
20,103,59,Nardus stricta,76666,76666,0,5123,2049200,-85.4315696632035,524.1751189193589,0.7906628205074185,0.4965598139644447
20,104,57,Pimpinella saxifraga,75762,75762,0,6292,2516800,83.1248483006943,371.1037486553524,0.7906712784385368,0.49466516130309957
20,105,105,Hornungia petraea,6780,6780,0,630,252000,-577.9568142452509,-978.4403187823277,0.7920216661180499,0.6002383059692422
20,106,89,Salix herbacea,16204,16204,0,1426,570400,-15.272652733537079,830.1745402809728,0.7924619164641089,0.5663677350129773
20,107,126,Alchemilla pentaphyllea,1190,1190,0,95,38000,-231.36310288388793,-713.6169754250762,0.7945017478627082,0.6943970957022314
20,108,108,Helianthemum apenninum,8940,8940,0,1021,408400,-561.4475058852872,-910.162849283032,0.7952087836366746,0.6040232882141922
20,109,120,Pedicularis rostratocapitata,1238,1238,0,146,58400,211.21565751598382,-523.0274526619314,0.8009980657288231,0.6532141089321689
20,110,63,Potentilla erecta,167345,167345,0,7706,3082400,-93.21526558407948,447.75077359436136,0.8019950862421367,0.5031807769100445
20,111,111,Coronilla minima,9939,9939,0,849,339600,-649.7564804045315,-1001.3060456907017,0.8032075627210149,0.6179771353262942
20,112,79,Luzula campestris,77960,77960,0,5048,2019200,-293.2463646326075,107.77822753486933,0.8050253798364174,0.5399252044111965
20,113,102,Helictochloa pratensis,15689,15689,0,1557,622800,3.396198733727334,218.50638784357363,0.8077041159792947,0.594719578539399
20,114,112,Cardamine bellidifolia,3434,3434,0,583,233200,94.67972384825123,888.4347512666372,0.8098456690403857,0.6211149477786941
20,115,104,Oxyria digyna,10954,10954,0,1253,501200,-53.151348266264534,871.9376734899847,0.8108992211117513,0.5998563534418142
20,116,122,Androsace chamaejasme,1071,1071,0,144,57600,108.4839857907376,-536.7631491533898,0.8120967932954496,0.6908926368459472
20,117,75,Agrostis capillaris,170701,170701,0,7474,2989600,-68.45878747138244,430.9994239940666,0.8138621959889519,0.5256846423098261
20,118,125,Oreochloa disticha,1271,1271,0,133,53200,208.92579251108475,-528.2376041157239,0.816787819872474,0.6941030324372796
20,119,121,Leontodon incanus,1184,1184,0,208,83200,276.958907756069,-482.25016928668293,0.8194010645208979,0.6762847990729142
20,120,123,Carex mucronata,1157,1157,0,148,59200,232.3431401068377,-519.6714692394951,0.8233632112918309,0.6914906262052447
20,121,117,Thymus vulgaris,26836,26836,0,1495,598000,-581.9030688079214,-1019.0424354864284,0.8250027220958179,0.6399311366645509
20,122,114,Thymus serpyllum,12362,12362,0,2339,935600,249.71646153304692,358.22420493673286,0.8275400833739526,0.626095987465098
20,123,101,Danthonia decumbens,42618,42618,0,3764,1505600,-230.71827099296675,242.8778433711255,0.8287889603703443,0.5936050323018391
20,124,129,Thesium divaricatum,1719,1719,0,283,113200,-484.3681229008168,-867.6667842333165,0.8296055076720064,0.7026784361810554
20,125,130,Onobrychis supina,2471,2471,0,199,79600,-412.47342615636853,-885.3557772100555,0.8302803330538968,0.7028922974484908
20,126,107,Fragaria viridis,10953,10953,0,3289,1315600,869.7898236038451,254.56146072172015,0.8320423841852893,0.6030018324530103
20,127,128,Helianthemum canum,1843,1843,0,386,154400,-533.2442820673307,-923.8057361923146,0.838430101502987,0.7018869330951362
20,128,124,Seseli montanum,6799,6799,0,863,345200,-584.2617109088743,-709.7296178937778,0.8385855554557483,0.6915959184484161
20,129,132,Crepis jacquinii,419,419,0,99,39600,273.2800023297122,-489.6790262013541,0.8393577273536184,0.7172082210691552
20,130,127,Aphyllanthes monspeliensis,22342,22342,0,699,279600,-576.6897182004172,-999.9636512837346,0.8463737093528216,0.6945976215584847
20,131,135,Primula minima,1878,1878,0,111,44400,243.88351524229802,-534.0775886497903,0.8466454894850349,0.7408677113253047
20,132,115,Carex pilulifera,64336,64336,0,4189,1675600,-206.32957814163086,220.53616421111695,0.848441914896505,0.6271134282374562
20,133,133,Festuca valesiaca,2715,2715,0,834,333600,1021.1229515090787,-309.739776704657,0.8560226838641426,0.7217027428107992
20,134,137,Ononis striata,1110,1110,0,174,69600,-486.1402726633321,-877.8774929161413,0.8585785693210087,0.7544436537366757
20,135,140,Inula montana,1788,1788,0,83,33200,-314.4539871238373,-875.4494423487178,0.8669887476517693,0.7787265296780898
20,136,142,Thesium humifusum,1660,1660,0,85,34000,-307.2437310628223,-880.3741178308761,0.869202254987274,0.7824476429049526
20,137,134,Stipa capillata,3930,3930,0,1169,467600,1212.8851025295473,-223.38959388728713,0.8751061332035166,0.7240843109376146
20,138,131,Falcaria vulgaris,6114,6114,0,1968,787200,733.207485751794,-182.88172518512445,0.8843990137833607,0.717144639138884
20,139,136,Centaurea stoebe,3934,3934,0,1396,558400,587.1142877874447,-136.57631531153348,0.8845257327325382,0.7431020593362375
20,140,138,Sempervivum globiferum,1650,1650,0,634,253600,661.5274174544015,25.326929896403996,0.8876086487451684,0.7653752981865561
20,141,145,Trisetum alpestre,479,479,0,77,30800,294.58300407296076,-489.04126330059626,0.8911672431418663,0.7979556606000168
20,142,141,Festuca filiformis,5992,5992,0,1156,462400,-467.22900655862185,-136.38417454525717,0.8941672649984529,0.7788484911614201
20,143,146,Festuca glauca,332,332,0,186,74400,-415.0508858376556,-724.516083346478,0.899034321131486,0.8142845971835319
20,144,147,Festuca pallens,500,500,0,183,73200,228.50812346471236,-354.6445152607619,0.9014168945372297,0.8149475407611988
20,145,148,Campanula alpina,600,600,0,83,33200,492.11979045646177,-446.02000574477387,0.904413813368315,0.817526267200212
20,146,149,Allium senescens,260,260,0,83,33200,442.84611039314467,-435.4516783181372,0.908240363247536,0.8316866267895158
20,147,151,Ranunculus pyrenaeus,412,412,0,62,24800,-675.7782018736472,-979.0910841937588,0.9097893984679272,0.8373046378660798
20,148,139,Scabiosa ochroleuca,4800,4800,0,1639,655600,1012.9796227857677,-121.7024904665003,0.9114697316141457,0.7752426140791243
20,149,143,Galium saxatile,49240,49240,0,2226,890400,-514.6730295818396,308.9062813569415,0.9130412668940039,0.7856890252262103
20,150,150,Erysimum odoratum,488,488,0,283,113200,237.1490684303708,-403.4741670868418,0.914072072842696,0.8318188214074062
20,151,158,Achillea clusiana,174,174,0,18,7200,353.37437352335877,-469.6365690777069,0.9223509441211288,0.8591348534998442
20,152,154,Festuca airoides,524,524,0,74,29600,-317.297576731119,-826.2165527675062,0.9244068426439658,0.8518430399274659
20,153,160,Festuca varia,43,43,0,25,10000,372.44351232664724,-625.8192828383787,0.9246379371190349,0.8674921829911335
20,154,144,Salvia nemorosa,3984,3984,0,1634,653600,1394.2240818971366,-89.78168188928399,0.9249560850949788,0.7965111093331608
20,155,152,Potentilla incana,2066,2066,0,748,299200,912.9450061770666,-73.695474671405,0.931599474833379,0.8382280686917589
20,156,156,Linum suffruticosum,4380,4380,0,554,221600,-931.3789617361125,-1230.1450965539887,0.9367371307042359,0.8573545321601554
20,157,161,Festuca versicolor,88,88,0,26,10400,603.5252814901352,-340.47417075023947,0.9378789768483684,0.8711313498283164
20,158,155,Saxifraga cernua,2688,2688,0,425,170000,245.85676890380975,1590.5633013468482,0.9434369778975538,0.8573146357655322
20,159,153,Verbascum phoeniceum,2471,2471,0,1163,465200,1279.184828595733,-147.87450634692405,0.9444518871686922,0.8469284519882866
20,160,165,Festuca eskia,623,623,0,33,13200,-657.9674370646145,-1012.5139287361256,0.9457706473719902,0.8972691371549245
20,161,159,Ranunculus pygmaeus,2092,2092,0,418,167200,190.84899581896005,1520.9508553153275,0.945862474216914,0.8592101834944238
20,162,162,Pentanema ensifolium,861,861,0,293,117200,1064.9209795217287,-320.7278989853708,0.9460869917632045,0.8763356552381125
20,163,157,Saxifraga cespitosa,2401,2401,0,579,231600,124.72408925351378,1482.4608436471187,0.947676942578965,0.8583608319599321
20,164,163,Iris pumila,1791,1791,0,621,248400,1779.8847945793627,-191.37881886050505,0.9590614088231423,0.8855658920628415
20,165,164,Artemisia austriaca,1945,1945,0,838,335200,1897.8867954388352,96.85680105983243,0.9611522322915192,0.8870049513606664
20,166,166,Seseli osseum,206,206,0,79,31600,467.16747975967917,-375.9340159932572,0.9617342294902033,0.9174504200677063
20,167,167,Salvia nutans,1040,1040,0,415,166000,1788.6127150726875,-56.665463228667264,0.9721460365255182,0.9201668325930162
